"TableName","TablePurpose","Ownership","ColumnOrdinal","ColumnName","SqlType","Nullable","KeyRole","DefaultDefinition","IndexNames","ProductionRows","ProductionNonNullRows","ProductionFillPercent","AgentStrongReferences","AgentTokenReferences","DevAppStrongReferences","DevAppTokenReferences","ProdAppStrongReferences","ProdAppTokenReferences","AllStrongReferences","AllTokenReferences","DataSensitivity","Assessment","MigrationRecommendation","Note"
"ActionLog","Polymorf auditspoor van beheeracties in de PSU-app.","Legacy UAM","1","LogID","int","False","IDENTITY; PK(1)","","PK__ActionLo__5E5499A8FE30DAA7","383","383","100","4","4","5","5","8","8","17","17","intern/configuratie","structureel","behouden/hermodelleren","Onderdeel van identity-, primary-key- of foreign-keystructuur."
"ActionLog","Polymorf auditspoor van beheeracties in de PSU-app.","Legacy UAM","2","ActionType","nvarchar(50)","True","","","","383","383","100","0","0","6","6","11","11","17","17","intern/configuratie","actief in code","migreren na semantische controle","Exacte codetokens: agent=0, DEV-app=6, PROD-app=11."
"ActionLog","Polymorf auditspoor van beheeracties in de PSU-app.","Legacy UAM","3","TableName","nvarchar(100)","True","","","","383","383","100","0","0","1","14","19","43","20","57","persoons-/gebruiksgegeven","actief in code","migreren na semantische controle","Exacte codetokens: agent=0, DEV-app=14, PROD-app=43."
"ActionLog","Polymorf auditspoor van beheeracties in de PSU-app.","Legacy UAM","4","RecordID","varchar(128)","True","","","","383","383","100","0","0","1","1","7","7","8","8","intern/configuratie","actief in code","migreren na semantische controle","Polymorfe tekstsleutel; de doelentiteit wordt alleen via TableName geïnterpreteerd. Exacte codetokens: agent=0, DEV-app=1, PROD-app=7."
"ActionLog","Polymorf auditspoor van beheeracties in de PSU-app.","Legacy UAM","5","ChangedFields","nvarchar(max)","True","","","","383","383","100","0","0","1","1","6","11","7","12","gevoelige diagnostiek/configuratie","actief in code","migreren na semantische controle","Vrije auditpayload; kan persoonsgegevens en oude/nieuwe waarden bevatten. Exacte codetokens: agent=0, DEV-app=1, PROD-app=11."
"ActionLog","Polymorf auditspoor van beheeracties in de PSU-app.","Legacy UAM","6","UserName","nvarchar(100)","True","","","","383","383","100","26","46","15","17","26","26","67","89","persoons-/gebruiksgegeven","actief in code","migreren na semantische controle","Exacte codetokens: agent=46, DEV-app=17, PROD-app=26."
"ActionLog","Polymorf auditspoor van beheeracties in de PSU-app.","Legacy UAM","7","Timestamp","datetime","True","","(getdate())","","383","383","100","0","4","4","4","14","14","18","22","intern/configuratie","actief in code","migreren na semantische controle","Exacte codetokens: agent=4, DEV-app=4, PROD-app=14."
"AdUsers","Extern AD-gebruikerssnapshot; breed klantbroncontract en geen eigendom van UAM.","External source contract","1","SID","nvarchar(max)","True","","","","15130","15130","100","0","0","0","0","0","0","0","0","persoons-/gebruiksgegeven","extern bronveld","broncontract configureren","Niet als UAM-eigendom beoordelen; alleen projecteren wat de module werkelijk nodig heeft."
"AdUsers","Extern AD-gebruikerssnapshot; breed klantbroncontract en geen eigendom van UAM.","External source contract","2","SIDHistory","nvarchar(max)","True","","","","15130","0","0","0","0","0","0","0","0","0","0","persoons-/gebruiksgegeven","extern bronveld","broncontract configureren","Niet als UAM-eigendom beoordelen; alleen projecteren wat de module werkelijk nodig heeft."
"AdUsers","Extern AD-gebruikerssnapshot; breed klantbroncontract en geen eigendom van UAM.","External source contract","3","LastKnownParent","varchar(8000)","True","","","","15130","286","1.89","0","0","0","0","0","0","0","0","persoons-/gebruiksgegeven","extern bronveld","broncontract configureren","Niet als UAM-eigendom beoordelen; alleen projecteren wat de module werkelijk nodig heeft."
"AdUsers","Extern AD-gebruikerssnapshot; breed klantbroncontract en geen eigendom van UAM.","External source contract","4","ObjectCategory","varchar(8000)","True","","","","15130","15130","100","0","0","0","0","0","0","0","0","persoons-/gebruiksgegeven","extern bronveld","broncontract configureren","Niet als UAM-eigendom beoordelen; alleen projecteren wat de module werkelijk nodig heeft."
"AdUsers","Extern AD-gebruikerssnapshot; breed klantbroncontract en geen eigendom van UAM.","External source contract","5","instanceType","int","True","","","","15130","15130","100","0","0","0","0","0","0","0","0","persoons-/gebruiksgegeven","extern bronveld","broncontract configureren","Niet als UAM-eigendom beoordelen; alleen projecteren wat de module werkelijk nodig heeft."
"AdUsers","Extern AD-gebruikerssnapshot; breed klantbroncontract en geen eigendom van UAM.","External source contract","6","ObjectClass","varchar(8000)","True","","","","15130","15130","100","0","1","0","0","0","0","0","1","persoons-/gebruiksgegeven","extern bronveld","broncontract configureren","Niet als UAM-eigendom beoordelen; alleen projecteren wat de module werkelijk nodig heeft."
"AdUsers","Extern AD-gebruikerssnapshot; breed klantbroncontract en geen eigendom van UAM.","External source contract","7","employeeType","varchar(8000)","True","","","","15130","7","0.05","0","0","0","0","0","0","0","0","persoons-/gebruiksgegeven","extern bronveld","broncontract configureren","Niet als UAM-eigendom beoordelen; alleen projecteren wat de module werkelijk nodig heeft."
"AdUsers","Extern AD-gebruikerssnapshot; breed klantbroncontract en geen eigendom van UAM.","External source contract","8","ObjectGUID","uniqueidentifier","True","","","","15130","15130","100","0","0","0","0","0","0","0","0","persoons-/gebruiksgegeven","extern bronveld","broncontract configureren","Niet als UAM-eigendom beoordelen; alleen projecteren wat de module werkelijk nodig heeft."
"AdUsers","Extern AD-gebruikerssnapshot; breed klantbroncontract en geen eigendom van UAM.","External source contract","9","objectSid","nvarchar(max)","True","","","","15130","15130","100","0","0","0","0","0","0","0","0","persoons-/gebruiksgegeven","extern bronveld","broncontract configureren","Niet als UAM-eigendom beoordelen; alleen projecteren wat de module werkelijk nodig heeft."
"AdUsers","Extern AD-gebruikerssnapshot; breed klantbroncontract en geen eigendom van UAM.","External source contract","10","servicePrincipalName","varchar(max)","True","","","","15130","5","0.03","0","0","0","0","0","0","0","0","persoons-/gebruiksgegeven","extern bronveld","broncontract configureren","Niet als UAM-eigendom beoordelen; alleen projecteren wat de module werkelijk nodig heeft."
"AdUsers","Extern AD-gebruikerssnapshot; breed klantbroncontract en geen eigendom van UAM.","External source contract","11","ServicePrincipalNames","varchar(max)","True","","","","15130","5","0.03","0","0","0","0","0","0","0","0","persoons-/gebruiksgegeven","extern bronveld","broncontract configureren","Niet als UAM-eigendom beoordelen; alleen projecteren wat de module werkelijk nodig heeft."
"AdUsers","Extern AD-gebruikerssnapshot; breed klantbroncontract en geen eigendom van UAM.","External source contract","12","UserPrincipalName","varchar(8000)","True","","","","15130","15126","99.97","0","0","0","0","0","0","0","0","persoons-/gebruiksgegeven","extern bronveld","broncontract configureren","Niet als UAM-eigendom beoordelen; alleen projecteren wat de module werkelijk nodig heeft."
"AdUsers","Extern AD-gebruikerssnapshot; breed klantbroncontract en geen eigendom van UAM.","External source contract","13","DistinguishedName","varchar(8000)","True","","","","15130","15130","100","5","6","0","0","0","0","5","6","persoons-/gebruiksgegeven","extern bronveld","broncontract configureren","Niet als UAM-eigendom beoordelen; alleen projecteren wat de module werkelijk nodig heeft."
"AdUsers","Extern AD-gebruikerssnapshot; breed klantbroncontract en geen eigendom van UAM.","External source contract","14","CN","varchar(8000)","True","","","","15130","15130","100","0","0","0","0","0","0","0","0","persoons-/gebruiksgegeven","extern bronveld","broncontract configureren","Niet als UAM-eigendom beoordelen; alleen projecteren wat de module werkelijk nodig heeft."
"AdUsers","Extern AD-gebruikerssnapshot; breed klantbroncontract en geen eigendom van UAM.","External source contract","15","CanonicalName","varchar(8000)","True","","","","15130","15130","100","0","0","0","0","0","0","0","0","persoons-/gebruiksgegeven","extern bronveld","broncontract configureren","Niet als UAM-eigendom beoordelen; alleen projecteren wat de module werkelijk nodig heeft."
"AdUsers","Extern AD-gebruikerssnapshot; breed klantbroncontract en geen eigendom van UAM.","External source contract","16","ou","varchar(8000)","True","","","","15130","15130","100","0","1","0","9","0","9","0","19","persoons-/gebruiksgegeven","extern bronveld","broncontract configureren","Niet als UAM-eigendom beoordelen; alleen projecteren wat de module werkelijk nodig heeft."
"AdUsers","Extern AD-gebruikerssnapshot; breed klantbroncontract en geen eigendom van UAM.","External source contract","17","PrimaryGroup","varchar(8000)","True","","","","15130","15130","100","0","0","0","0","0","0","0","0","persoons-/gebruiksgegeven","extern bronveld","broncontract configureren","Niet als UAM-eigendom beoordelen; alleen projecteren wat de module werkelijk nodig heeft."
"AdUsers","Extern AD-gebruikerssnapshot; breed klantbroncontract en geen eigendom van UAM.","External source contract","18","primaryGroupID","int","True","","","","15130","15130","100","0","0","0","0","0","0","0","0","persoons-/gebruiksgegeven","extern bronveld","broncontract configureren","Niet als UAM-eigendom beoordelen; alleen projecteren wat de module werkelijk nodig heeft."
"AdUsers","Extern AD-gebruikerssnapshot; breed klantbroncontract en geen eigendom van UAM.","External source contract","19","SamAccountName","varchar(8000)","True","","","","15130","15130","100","0","2","10","14","5","10","15","26","persoons-/gebruiksgegeven","extern bronveld","broncontract configureren","Niet als UAM-eigendom beoordelen; alleen projecteren wat de module werkelijk nodig heeft."
"AdUsers","Extern AD-gebruikerssnapshot; breed klantbroncontract en geen eigendom van UAM.","External source contract","20","Name","varchar(8000)","True","","","","15130","15130","100","16","25","1","20","21","59","38","104","persoons-/gebruiksgegeven","extern bronveld","broncontract configureren","Niet als UAM-eigendom beoordelen; alleen projecteren wat de module werkelijk nodig heeft."
"AdUsers","Extern AD-gebruikerssnapshot; breed klantbroncontract en geen eigendom van UAM.","External source contract","21","sAMAccountType","int","True","","","","15130","15130","100","0","0","0","0","0","0","0","0","persoons-/gebruiksgegeven","extern bronveld","broncontract configureren","Niet als UAM-eigendom beoordelen; alleen projecteren wat de module werkelijk nodig heeft."
"AdUsers","Extern AD-gebruikerssnapshot; breed klantbroncontract en geen eigendom van UAM.","External source contract","22","EmployeeID","varchar(8000)","True","","","","15130","1492","9.86","0","0","0","0","0","0","0","0","persoons-/gebruiksgegeven","extern bronveld","broncontract configureren","Niet als UAM-eigendom beoordelen; alleen projecteren wat de module werkelijk nodig heeft."
"AdUsers","Extern AD-gebruikerssnapshot; breed klantbroncontract en geen eigendom van UAM.","External source contract","23","EmployeeNumber","varchar(8000)","True","","","","15130","7016","46.37","0","0","3","3","3","3","6","6","persoons-/gebruiksgegeven","extern bronveld","broncontract configureren","Niet als UAM-eigendom beoordelen; alleen projecteren wat de module werkelijk nodig heeft."
"AdUsers","Extern AD-gebruikerssnapshot; breed klantbroncontract en geen eigendom van UAM.","External source contract","24","EmailAddress","varchar(8000)","True","","","","15130","7651","50.57","0","0","2","2","0","0","2","2","persoons-/gebruiksgegeven","extern bronveld","broncontract configureren","Niet als UAM-eigendom beoordelen; alleen projecteren wat de module werkelijk nodig heeft."
"AdUsers","Extern AD-gebruikerssnapshot; breed klantbroncontract en geen eigendom van UAM.","External source contract","25","mail","varchar(8000)","True","","","","15130","7651","50.57","0","0","2","2","0","0","2","2","persoons-/gebruiksgegeven","extern bronveld","broncontract configureren","Niet als UAM-eigendom beoordelen; alleen projecteren wat de module werkelijk nodig heeft."
"AdUsers","Extern AD-gebruikerssnapshot; breed klantbroncontract en geen eigendom van UAM.","External source contract","26","mailNickname","varchar(8000)","True","","","","15130","7556","49.94","0","0","0","0","0","0","0","0","persoons-/gebruiksgegeven","extern bronveld","broncontract configureren","Niet als UAM-eigendom beoordelen; alleen projecteren wat de module werkelijk nodig heeft."
"AdUsers","Extern AD-gebruikerssnapshot; breed klantbroncontract en geen eigendom van UAM.","External source contract","27","Enabled","bit","True","","","","15130","15130","100","13","22","1","5","7","13","21","40","persoons-/gebruiksgegeven","extern bronveld","broncontract configureren","Niet als UAM-eigendom beoordelen; alleen projecteren wat de module werkelijk nodig heeft."
"AdUsers","Extern AD-gebruikerssnapshot; breed klantbroncontract en geen eigendom van UAM.","External source contract","28","Manager","varchar(8000)","True","","","","15130","7732","51.1","0","0","0","2","0","2","0","4","persoons-/gebruiksgegeven","extern bronveld","broncontract configureren","Niet als UAM-eigendom beoordelen; alleen projecteren wat de module werkelijk nodig heeft."
"AdUsers","Extern AD-gebruikerssnapshot; breed klantbroncontract en geen eigendom van UAM.","External source contract","29","AccountExpirationDate","datetime2(7)","True","","","","15130","1692","11.18","0","0","0","0","0","0","0","0","persoons-/gebruiksgegeven","extern bronveld","broncontract configureren","Niet als UAM-eigendom beoordelen; alleen projecteren wat de module werkelijk nodig heeft."
"AdUsers","Extern AD-gebruikerssnapshot; breed klantbroncontract en geen eigendom van UAM.","External source contract","30","AccountLockoutTime","datetime2(7)","True","","","","15130","177","1.17","0","0","0","0","0","0","0","0","persoons-/gebruiksgegeven","extern bronveld","broncontract configureren","Niet als UAM-eigendom beoordelen; alleen projecteren wat de module werkelijk nodig heeft."
"AdUsers","Extern AD-gebruikerssnapshot; breed klantbroncontract en geen eigendom van UAM.","External source contract","31","AccountNotDelegated","bit","True","","","","15130","15130","100","0","0","0","0","0","0","0","0","persoons-/gebruiksgegeven","extern bronveld","broncontract configureren","Niet als UAM-eigendom beoordelen; alleen projecteren wat de module werkelijk nodig heeft."
"AdUsers","Extern AD-gebruikerssnapshot; breed klantbroncontract en geen eigendom van UAM.","External source contract","32","showInAddressBook","varchar(max)","True","","","","15130","7577","50.08","0","0","0","0","0","0","0","0","persoons-/gebruiksgegeven","extern bronveld","broncontract configureren","Niet als UAM-eigendom beoordelen; alleen projecteren wat de module werkelijk nodig heeft."
"AdUsers","Extern AD-gebruikerssnapshot; breed klantbroncontract en geen eigendom van UAM.","External source contract","33","DisplayName","varchar(8000)","True","","","","15130","15121","99.94","0","0","0","0","0","0","0","0","persoons-/gebruiksgegeven","extern bronveld","broncontract configureren","Niet als UAM-eigendom beoordelen; alleen projecteren wat de module werkelijk nodig heeft."
"AdUsers","Extern AD-gebruikerssnapshot; breed klantbroncontract en geen eigendom van UAM.","External source contract","34","displayNamePrintable","varchar(8000)","True","","","","15130","1","0.01","0","0","0","0","0","0","0","0","persoons-/gebruiksgegeven","extern bronveld","broncontract configureren","Niet als UAM-eigendom beoordelen; alleen projecteren wat de module werkelijk nodig heeft."
"AdUsers","Extern AD-gebruikerssnapshot; breed klantbroncontract en geen eigendom van UAM.","External source contract","35","Surname","varchar(8000)","True","","","","15130","9515","62.89","0","0","0","0","0","0","0","0","persoons-/gebruiksgegeven","extern bronveld","broncontract configureren","Niet als UAM-eigendom beoordelen; alleen projecteren wat de module werkelijk nodig heeft."
"AdUsers","Extern AD-gebruikerssnapshot; breed klantbroncontract en geen eigendom van UAM.","External source contract","36","GivenName","varchar(8000)","True","","","","15130","9595","63.42","0","0","0","0","0","0","0","0","persoons-/gebruiksgegeven","extern bronveld","broncontract configureren","Niet als UAM-eigendom beoordelen; alleen projecteren wat de module werkelijk nodig heeft."
"AdUsers","Extern AD-gebruikerssnapshot; breed klantbroncontract en geen eigendom van UAM.","External source contract","37","Initials","varchar(8000)","True","","","","15130","6357","42.02","0","0","0","0","0","0","0","0","persoons-/gebruiksgegeven","extern bronveld","broncontract configureren","Niet als UAM-eigendom beoordelen; alleen projecteren wat de module werkelijk nodig heeft."
"AdUsers","Extern AD-gebruikerssnapshot; breed klantbroncontract en geen eigendom van UAM.","External source contract","38","State","varchar(8000)","True","","","","15130","153","1.01","1","1","0","0","0","0","1","1","persoons-/gebruiksgegeven","extern bronveld","broncontract configureren","Niet als UAM-eigendom beoordelen; alleen projecteren wat de module werkelijk nodig heeft."
"AdUsers","Extern AD-gebruikerssnapshot; breed klantbroncontract en geen eigendom van UAM.","External source contract","39","StreetAddress","varchar(8000)","True","","","","15130","7322","48.39","0","0","0","0","0","0","0","0","persoons-/gebruiksgegeven","extern bronveld","broncontract configureren","Niet als UAM-eigendom beoordelen; alleen projecteren wat de module werkelijk nodig heeft."
"AdUsers","Extern AD-gebruikerssnapshot; breed klantbroncontract en geen eigendom van UAM.","External source contract","40","physicalDeliveryOfficeName","varchar(8000)","True","","","","15130","167","1.1","0","0","0","0","0","0","0","0","persoons-/gebruiksgegeven","extern bronveld","broncontract configureren","Niet als UAM-eigendom beoordelen; alleen projecteren wat de module werkelijk nodig heeft."
"AdUsers","Extern AD-gebruikerssnapshot; breed klantbroncontract en geen eigendom van UAM.","External source contract","41","Office","varchar(8000)","True","","","","15130","167","1.1","0","0","0","0","0","0","0","0","persoons-/gebruiksgegeven","extern bronveld","broncontract configureren","Niet als UAM-eigendom beoordelen; alleen projecteren wat de module werkelijk nodig heeft."
"AdUsers","Extern AD-gebruikerssnapshot; breed klantbroncontract en geen eigendom van UAM.","External source contract","42","roomNumber","varchar(max)","True","","","","15130","3916","25.88","0","0","0","0","0","0","0","0","persoons-/gebruiksgegeven","extern bronveld","broncontract configureren","Niet als UAM-eigendom beoordelen; alleen projecteren wat de module werkelijk nodig heeft."
"AdUsers","Extern AD-gebruikerssnapshot; breed klantbroncontract en geen eigendom van UAM.","External source contract","43","PostalCode","varchar(8000)","True","","","","15130","7366","48.68","0","0","0","0","0","0","0","0","persoons-/gebruiksgegeven","extern bronveld","broncontract configureren","Niet als UAM-eigendom beoordelen; alleen projecteren wat de module werkelijk nodig heeft."
"AdUsers","Extern AD-gebruikerssnapshot; breed klantbroncontract en geen eigendom van UAM.","External source contract","44","City","varchar(8000)","True","","","","15130","6799","44.94","0","0","0","0","0","0","0","0","persoons-/gebruiksgegeven","extern bronveld","broncontract configureren","Niet als UAM-eigendom beoordelen; alleen projecteren wat de module werkelijk nodig heeft."
"AdUsers","Extern AD-gebruikerssnapshot; breed klantbroncontract en geen eigendom van UAM.","External source contract","45","Country","varchar(8000)","True","","","","15130","6343","41.92","0","0","0","0","0","0","0","0","persoons-/gebruiksgegeven","extern bronveld","broncontract configureren","Niet als UAM-eigendom beoordelen; alleen projecteren wat de module werkelijk nodig heeft."
"AdUsers","Extern AD-gebruikerssnapshot; breed klantbroncontract en geen eigendom van UAM.","External source contract","46","countryCode","int","True","","","","15130","15130","100","0","0","0","0","0","0","0","0","persoons-/gebruiksgegeven","extern bronveld","broncontract configureren","Niet als UAM-eigendom beoordelen; alleen projecteren wat de module werkelijk nodig heeft."
"AdUsers","Extern AD-gebruikerssnapshot; breed klantbroncontract en geen eigendom van UAM.","External source contract","47","st","varchar(8000)","True","","","","15130","153","1.01","0","0","0","0","0","0","0","0","persoons-/gebruiksgegeven","extern bronveld","broncontract configureren","Niet als UAM-eigendom beoordelen; alleen projecteren wat de module werkelijk nodig heeft."
"AdUsers","Extern AD-gebruikerssnapshot; breed klantbroncontract en geen eigendom van UAM.","External source contract","48","postOfficeBox","varchar(max)","True","","","","15130","131","0.87","0","0","0","0","0","0","0","0","persoons-/gebruiksgegeven","extern bronveld","broncontract configureren","Niet als UAM-eigendom beoordelen; alleen projecteren wat de module werkelijk nodig heeft."
"AdUsers","Extern AD-gebruikerssnapshot; breed klantbroncontract en geen eigendom van UAM.","External source contract","49","POBox","varchar(8000)","True","","","","15130","131","0.87","0","0","0","0","0","0","0","0","persoons-/gebruiksgegeven","extern bronveld","broncontract configureren","Niet als UAM-eigendom beoordelen; alleen projecteren wat de module werkelijk nodig heeft."
"AdUsers","Extern AD-gebruikerssnapshot; breed klantbroncontract en geen eigendom van UAM.","External source contract","50","co","varchar(8000)","True","","","","15130","41","0.27","0","0","0","0","0","0","0","0","persoons-/gebruiksgegeven","extern bronveld","broncontract configureren","Niet als UAM-eigendom beoordelen; alleen projecteren wat de module werkelijk nodig heeft."
"AdUsers","Extern AD-gebruikerssnapshot; breed klantbroncontract en geen eigendom van UAM.","External source contract","51","Company","varchar(8000)","True","","","","15130","8413","55.6","4","7","11","11","9","9","24","27","persoons-/gebruiksgegeven","extern bronveld","broncontract configureren","Niet als UAM-eigendom beoordelen; alleen projecteren wat de module werkelijk nodig heeft."
"AdUsers","Extern AD-gebruikerssnapshot; breed klantbroncontract en geen eigendom van UAM.","External source contract","52","Department","varchar(8000)","True","","","","15130","8416","55.62","0","0","1","1","1","1","2","2","persoons-/gebruiksgegeven","extern bronveld","broncontract configureren","Niet als UAM-eigendom beoordelen; alleen projecteren wat de module werkelijk nodig heeft."
"AdUsers","Extern AD-gebruikerssnapshot; breed klantbroncontract en geen eigendom van UAM.","External source contract","53","Title","varchar(8000)","True","","","","15130","8382","55.4","7","9","3","34","5","35","15","78","persoons-/gebruiksgegeven","extern bronveld","broncontract configureren","Niet als UAM-eigendom beoordelen; alleen projecteren wat de module werkelijk nodig heeft."
"AdUsers","Extern AD-gebruikerssnapshot; breed klantbroncontract en geen eigendom van UAM.","External source contract","54","homeMDB","varchar(8000)","True","","","","15130","7555","49.93","0","0","0","0","0","0","0","0","persoons-/gebruiksgegeven","extern bronveld","broncontract configureren","Niet als UAM-eigendom beoordelen; alleen projecteren wat de module werkelijk nodig heeft."
"AdUsers","Extern AD-gebruikerssnapshot; breed klantbroncontract en geen eigendom van UAM.","External source contract","55","HomedirRequired","bit","True","","","","15130","15130","100","0","0","0","0","0","0","0","0","persoons-/gebruiksgegeven","extern bronveld","broncontract configureren","Niet als UAM-eigendom beoordelen; alleen projecteren wat de module werkelijk nodig heeft."
"AdUsers","Extern AD-gebruikerssnapshot; breed klantbroncontract en geen eigendom van UAM.","External source contract","56","HomeDrive","varchar(8000)","True","","","","15130","8738","57.75","0","0","0","0","0","0","0","0","persoons-/gebruiksgegeven","extern bronveld","broncontract configureren","Niet als UAM-eigendom beoordelen; alleen projecteren wat de module werkelijk nodig heeft."
"AdUsers","Extern AD-gebruikerssnapshot; breed klantbroncontract en geen eigendom van UAM.","External source contract","57","HomeDirectory","varchar(8000)","True","","","","15130","8764","57.92","0","0","0","0","0","0","0","0","persoons-/gebruiksgegeven","extern bronveld","broncontract configureren","Niet als UAM-eigendom beoordelen; alleen projecteren wat de module werkelijk nodig heeft."
"AdUsers","Extern AD-gebruikerssnapshot; breed klantbroncontract en geen eigendom van UAM.","External source contract","58","ScriptPath","varchar(8000)","True","","","","15130","1","0.01","0","0","0","0","0","0","0","0","persoons-/gebruiksgegeven","extern bronveld","broncontract configureren","Niet als UAM-eigendom beoordelen; alleen projecteren wat de module werkelijk nodig heeft."
"AdUsers","Extern AD-gebruikerssnapshot; breed klantbroncontract en geen eigendom van UAM.","External source contract","59","ProfilePath","varchar(8000)","True","","","","15130","3","0.02","0","0","0","0","0","0","0","0","persoons-/gebruiksgegeven","extern bronveld","broncontract configureren","Niet als UAM-eigendom beoordelen; alleen projecteren wat de module werkelijk nodig heeft."
"AdUsers","Extern AD-gebruikerssnapshot; breed klantbroncontract en geen eigendom van UAM.","External source contract","60","proxyAddresses","varchar(max)","True","","","","15130","7557","49.95","0","0","0","0","0","0","0","0","persoons-/gebruiksgegeven","extern bronveld","broncontract configureren","Niet als UAM-eigendom beoordelen; alleen projecteren wat de module werkelijk nodig heeft."
"AdUsers","Extern AD-gebruikerssnapshot; breed klantbroncontract en geen eigendom van UAM.","External source contract","61","telephoneNumber","varchar(8000)","True","","","","15130","4505","29.78","0","0","0","0","0","0","0","0","persoons-/gebruiksgegeven","extern bronveld","broncontract configureren","Niet als UAM-eigendom beoordelen; alleen projecteren wat de module werkelijk nodig heeft."
"AdUsers","Extern AD-gebruikerssnapshot; breed klantbroncontract en geen eigendom van UAM.","External source contract","62","MobilePhone","varchar(8000)","True","","","","15130","5911","39.07","0","0","0","0","0","0","0","0","persoons-/gebruiksgegeven","extern bronveld","broncontract configureren","Niet als UAM-eigendom beoordelen; alleen projecteren wat de module werkelijk nodig heeft."
"AdUsers","Extern AD-gebruikerssnapshot; breed klantbroncontract en geen eigendom van UAM.","External source contract","63","ipPhone","varchar(8000)","True","","","","15130","6","0.04","0","0","0","0","0","0","0","0","persoons-/gebruiksgegeven","extern bronveld","broncontract configureren","Niet als UAM-eigendom beoordelen; alleen projecteren wat de module werkelijk nodig heeft."
"AdUsers","Extern AD-gebruikerssnapshot; breed klantbroncontract en geen eigendom van UAM.","External source contract","64","HomePhone","varchar(8000)","True","","","","15130","31","0.2","0","0","0","0","0","0","0","0","persoons-/gebruiksgegeven","extern bronveld","broncontract configureren","Niet als UAM-eigendom beoordelen; alleen projecteren wat de module werkelijk nodig heeft."
"AdUsers","Extern AD-gebruikerssnapshot; breed klantbroncontract en geen eigendom van UAM.","External source contract","65","OfficePhone","varchar(8000)","True","","","","15130","4505","29.78","0","0","0","0","0","0","0","0","persoons-/gebruiksgegeven","extern bronveld","broncontract configureren","Niet als UAM-eigendom beoordelen; alleen projecteren wat de module werkelijk nodig heeft."
"AdUsers","Extern AD-gebruikerssnapshot; breed klantbroncontract en geen eigendom van UAM.","External source contract","66","otherTelephone","varchar(max)","True","","","","15130","571","3.77","0","0","0","0","0","0","0","0","persoons-/gebruiksgegeven","extern bronveld","broncontract configureren","Niet als UAM-eigendom beoordelen; alleen projecteren wat de module werkelijk nodig heeft."
"AdUsers","Extern AD-gebruikerssnapshot; breed klantbroncontract en geen eigendom van UAM.","External source contract","67","facsimileTelephoneNumber","varchar(8000)","True","","","","15130","197","1.3","0","0","0","0","0","0","0","0","persoons-/gebruiksgegeven","extern bronveld","broncontract configureren","Niet als UAM-eigendom beoordelen; alleen projecteren wat de module werkelijk nodig heeft."
"AdUsers","Extern AD-gebruikerssnapshot; breed klantbroncontract en geen eigendom van UAM.","External source contract","68","Fax","varchar(8000)","True","","","","15130","197","1.3","0","0","0","0","0","0","0","0","persoons-/gebruiksgegeven","extern bronveld","broncontract configureren","Niet als UAM-eigendom beoordelen; alleen projecteren wat de module werkelijk nodig heeft."
"AdUsers","Extern AD-gebruikerssnapshot; breed klantbroncontract en geen eigendom van UAM.","External source contract","69","wWWHomePage","varchar(8000)","True","","","","15130","2","0.01","0","0","0","0","0","0","0","0","persoons-/gebruiksgegeven","extern bronveld","broncontract configureren","Niet als UAM-eigendom beoordelen; alleen projecteren wat de module werkelijk nodig heeft."
"AdUsers","Extern AD-gebruikerssnapshot; breed klantbroncontract en geen eigendom van UAM.","External source contract","70","HomePage","varchar(8000)","True","","","","15130","2","0.01","0","0","0","0","0","0","0","0","persoons-/gebruiksgegeven","extern bronveld","broncontract configureren","Niet als UAM-eigendom beoordelen; alleen projecteren wat de module werkelijk nodig heeft."
"AdUsers","Extern AD-gebruikerssnapshot; breed klantbroncontract en geen eigendom van UAM.","External source contract","71","Description","varchar(8000)","True","","","","15130","9770","64.57","4","5","2","2","2","2","8","9","persoons-/gebruiksgegeven","extern bronveld","broncontract configureren","Niet als UAM-eigendom beoordelen; alleen projecteren wat de module werkelijk nodig heeft."
"AdUsers","Extern AD-gebruikerssnapshot; breed klantbroncontract en geen eigendom van UAM.","External source contract","72","info","varchar(8000)","True","","","","15130","4819","31.85","14","26","0","0","0","0","14","26","persoons-/gebruiksgegeven","extern bronveld","broncontract configureren","Niet als UAM-eigendom beoordelen; alleen projecteren wat de module werkelijk nodig heeft."
"AdUsers","Extern AD-gebruikerssnapshot; breed klantbroncontract en geen eigendom van UAM.","External source contract","73","msExchWhenMailboxCreated","datetime2(7)","True","","","","15130","9476","62.63","0","0","0","0","0","0","0","0","persoons-/gebruiksgegeven","extern bronveld","broncontract configureren","Niet als UAM-eigendom beoordelen; alleen projecteren wat de module werkelijk nodig heeft."
"AdUsers","Extern AD-gebruikerssnapshot; breed klantbroncontract en geen eigendom van UAM.","External source contract","74","msTSExpireDate","datetime2(7)","True","","","","15130","77","0.51","0","0","0","0","0","0","0","0","persoons-/gebruiksgegeven","extern bronveld","broncontract configureren","Niet als UAM-eigendom beoordelen; alleen projecteren wat de module werkelijk nodig heeft."
"AdUsers","Extern AD-gebruikerssnapshot; breed klantbroncontract en geen eigendom van UAM.","External source contract","75","whenCreated","datetime2(7)","True","","","","15130","15130","100","0","0","1","1","8","8","9","9","persoons-/gebruiksgegeven","extern bronveld","broncontract configureren","Niet als UAM-eigendom beoordelen; alleen projecteren wat de module werkelijk nodig heeft."
"AdUsers","Extern AD-gebruikerssnapshot; breed klantbroncontract en geen eigendom van UAM.","External source contract","76","whenChanged","datetime2(7)","True","","","","15130","15130","100","0","0","0","0","0","0","0","0","persoons-/gebruiksgegeven","extern bronveld","broncontract configureren","Niet als UAM-eigendom beoordelen; alleen projecteren wat de module werkelijk nodig heeft."
"AdUsers","Extern AD-gebruikerssnapshot; breed klantbroncontract en geen eigendom van UAM.","External source contract","77","lastLogoff","datetime2(7)","True","","","","15130","15130","100","0","0","0","0","0","0","0","0","persoons-/gebruiksgegeven","extern bronveld","broncontract configureren","Niet als UAM-eigendom beoordelen; alleen projecteren wat de module werkelijk nodig heeft."
"AdUsers","Extern AD-gebruikerssnapshot; breed klantbroncontract en geen eigendom van UAM.","External source contract","78","lastLogon","datetime2(7)","True","","","","15130","15130","100","1","1","1","1","1","1","3","3","persoons-/gebruiksgegeven","extern bronveld","broncontract configureren","Niet als UAM-eigendom beoordelen; alleen projecteren wat de module werkelijk nodig heeft."
"AdUsers","Extern AD-gebruikerssnapshot; breed klantbroncontract en geen eigendom van UAM.","External source contract","79","LockedOut","bit","True","","","","15130","15130","100","0","0","0","0","0","0","0","0","persoons-/gebruiksgegeven","extern bronveld","broncontract configureren","Niet als UAM-eigendom beoordelen; alleen projecteren wat de module werkelijk nodig heeft."
"AdUsers","Extern AD-gebruikerssnapshot; breed klantbroncontract en geen eigendom van UAM.","External source contract","80","lockoutTime","bigint","True","","","","15130","7224","47.75","0","0","0","0","0","0","0","0","persoons-/gebruiksgegeven","extern bronveld","broncontract configureren","Niet als UAM-eigendom beoordelen; alleen projecteren wat de module werkelijk nodig heeft."
"AdUsers","Extern AD-gebruikerssnapshot; breed klantbroncontract en geen eigendom van UAM.","External source contract","81","PasswordExpired","bit","True","","","","15130","15130","100","0","0","0","0","0","0","0","0","gevoelige diagnostiek/configuratie","extern bronveld","broncontract configureren","Niet als UAM-eigendom beoordelen; alleen projecteren wat de module werkelijk nodig heeft."
"AdUsers","Extern AD-gebruikerssnapshot; breed klantbroncontract en geen eigendom van UAM.","External source contract","82","PasswordLastSet","datetime2(7)","True","","","","15130","14337","94.76","0","0","0","0","0","0","0","0","gevoelige diagnostiek/configuratie","extern bronveld","broncontract configureren","Niet als UAM-eigendom beoordelen; alleen projecteren wat de module werkelijk nodig heeft."
"AdUsers","Extern AD-gebruikerssnapshot; breed klantbroncontract en geen eigendom van UAM.","External source contract","83","PasswordNeverExpires","bit","True","","","","15130","15130","100","0","0","0","0","0","0","0","0","gevoelige diagnostiek/configuratie","extern bronveld","broncontract configureren","Niet als UAM-eigendom beoordelen; alleen projecteren wat de module werkelijk nodig heeft."
"AdUsers","Extern AD-gebruikerssnapshot; breed klantbroncontract en geen eigendom van UAM.","External source contract","84","PasswordNotRequired","bit","True","","","","15130","15130","100","0","0","0","0","0","0","0","0","gevoelige diagnostiek/configuratie","extern bronveld","broncontract configureren","Niet als UAM-eigendom beoordelen; alleen projecteren wat de module werkelijk nodig heeft."
"AdUsers","Extern AD-gebruikerssnapshot; breed klantbroncontract en geen eigendom van UAM.","External source contract","85","badPwdCount","int","True","","","","15130","5130","33.91","0","0","0","0","0","0","0","0","persoons-/gebruiksgegeven","extern bronveld","broncontract configureren","Niet als UAM-eigendom beoordelen; alleen projecteren wat de module werkelijk nodig heeft."
"AdUsers","Extern AD-gebruikerssnapshot; breed klantbroncontract en geen eigendom van UAM.","External source contract","86","BadLogonCount","int","True","","","","15130","5130","33.91","0","0","0","0","0","0","0","0","persoons-/gebruiksgegeven","extern bronveld","broncontract configureren","Niet als UAM-eigendom beoordelen; alleen projecteren wat de module werkelijk nodig heeft."
"AdUsers","Extern AD-gebruikerssnapshot; breed klantbroncontract en geen eigendom van UAM.","External source contract","87","CannotChangePassword","bit","True","","","","15130","15130","100","0","0","0","0","0","0","0","0","gevoelige diagnostiek/configuratie","extern bronveld","broncontract configureren","Niet als UAM-eigendom beoordelen; alleen projecteren wat de module werkelijk nodig heeft."
"AdUsers","Extern AD-gebruikerssnapshot; breed klantbroncontract en geen eigendom van UAM.","External source contract","88","AllowReversiblePasswordEncryption","bit","True","","","","15130","15130","100","0","0","0","0","0","0","0","0","gevoelige diagnostiek/configuratie","extern bronveld","broncontract configureren","Niet als UAM-eigendom beoordelen; alleen projecteren wat de module werkelijk nodig heeft."
"AdUsers","Extern AD-gebruikerssnapshot; breed klantbroncontract en geen eigendom van UAM.","External source contract","89","pwdLastSet","datetime2(7)","True","","","","15130","15130","100","0","0","0","0","0","0","0","0","persoons-/gebruiksgegeven","extern bronveld","broncontract configureren","Niet als UAM-eigendom beoordelen; alleen projecteren wat de module werkelijk nodig heeft."
"AdUsers","Extern AD-gebruikerssnapshot; breed klantbroncontract en geen eigendom van UAM.","External source contract","90","extensionAttribute1","varchar(8000)","True","","","","15130","6955","45.97","0","0","0","0","0","0","0","0","persoons-/gebruiksgegeven","extern bronveld","broncontract configureren","Niet als UAM-eigendom beoordelen; alleen projecteren wat de module werkelijk nodig heeft."
"AdUsers","Extern AD-gebruikerssnapshot; breed klantbroncontract en geen eigendom van UAM.","External source contract","91","extensionAttribute2","varchar(8000)","True","","","","15130","6291","41.58","0","0","0","0","0","0","0","0","persoons-/gebruiksgegeven","extern bronveld","broncontract configureren","Niet als UAM-eigendom beoordelen; alleen projecteren wat de module werkelijk nodig heeft."
"AdUsers","Extern AD-gebruikerssnapshot; breed klantbroncontract en geen eigendom van UAM.","External source contract","92","extensionAttribute3","varchar(8000)","True","","","","15130","1642","10.85","0","0","0","0","0","0","0","0","persoons-/gebruiksgegeven","extern bronveld","broncontract configureren","Niet als UAM-eigendom beoordelen; alleen projecteren wat de module werkelijk nodig heeft."
"AdUsers","Extern AD-gebruikerssnapshot; breed klantbroncontract en geen eigendom van UAM.","External source contract","93","extensionAttribute4","varchar(8000)","True","","","","15130","0","0","0","0","0","0","0","0","0","0","persoons-/gebruiksgegeven","extern bronveld","broncontract configureren","Niet als UAM-eigendom beoordelen; alleen projecteren wat de module werkelijk nodig heeft."
"AdUsers","Extern AD-gebruikerssnapshot; breed klantbroncontract en geen eigendom van UAM.","External source contract","94","extensionAttribute5","varchar(8000)","True","","","","15130","0","0","0","0","0","0","0","0","0","0","persoons-/gebruiksgegeven","extern bronveld","broncontract configureren","Niet als UAM-eigendom beoordelen; alleen projecteren wat de module werkelijk nodig heeft."
"AdUsers","Extern AD-gebruikerssnapshot; breed klantbroncontract en geen eigendom van UAM.","External source contract","95","extensionAttribute6","varchar(8000)","True","","","","15130","0","0","0","0","0","0","0","0","0","0","persoons-/gebruiksgegeven","extern bronveld","broncontract configureren","Niet als UAM-eigendom beoordelen; alleen projecteren wat de module werkelijk nodig heeft."
"AdUsers","Extern AD-gebruikerssnapshot; breed klantbroncontract en geen eigendom van UAM.","External source contract","96","extensionAttribute7","varchar(8000)","True","","","","15130","0","0","0","0","0","0","0","0","0","0","persoons-/gebruiksgegeven","extern bronveld","broncontract configureren","Niet als UAM-eigendom beoordelen; alleen projecteren wat de module werkelijk nodig heeft."
"AdUsers","Extern AD-gebruikerssnapshot; breed klantbroncontract en geen eigendom van UAM.","External source contract","97","extensionAttribute8","varchar(8000)","True","","","","15130","0","0","0","0","0","0","0","0","0","0","persoons-/gebruiksgegeven","extern bronveld","broncontract configureren","Niet als UAM-eigendom beoordelen; alleen projecteren wat de module werkelijk nodig heeft."
"AdUsers","Extern AD-gebruikerssnapshot; breed klantbroncontract en geen eigendom van UAM.","External source contract","98","extensionAttribute9","varchar(8000)","True","","","","15130","0","0","0","0","0","0","0","0","0","0","persoons-/gebruiksgegeven","extern bronveld","broncontract configureren","Niet als UAM-eigendom beoordelen; alleen projecteren wat de module werkelijk nodig heeft."
"AdUsers","Extern AD-gebruikerssnapshot; breed klantbroncontract en geen eigendom van UAM.","External source contract","99","extensionAttribute10","varchar(8000)","True","","","","15130","0","0","0","0","0","0","0","0","0","0","persoons-/gebruiksgegeven","extern bronveld","broncontract configureren","Niet als UAM-eigendom beoordelen; alleen projecteren wat de module werkelijk nodig heeft."
"AdUsers","Extern AD-gebruikerssnapshot; breed klantbroncontract en geen eigendom van UAM.","External source contract","100","extensionAttribute11","varchar(8000)","True","","","","15130","0","0","0","0","0","0","0","0","0","0","persoons-/gebruiksgegeven","extern bronveld","broncontract configureren","Niet als UAM-eigendom beoordelen; alleen projecteren wat de module werkelijk nodig heeft."
"AdUsers","Extern AD-gebruikerssnapshot; breed klantbroncontract en geen eigendom van UAM.","External source contract","101","extensionAttribute12","varchar(8000)","True","","","","15130","0","0","0","0","0","0","0","0","0","0","persoons-/gebruiksgegeven","extern bronveld","broncontract configureren","Niet als UAM-eigendom beoordelen; alleen projecteren wat de module werkelijk nodig heeft."
"AdUsers","Extern AD-gebruikerssnapshot; breed klantbroncontract en geen eigendom van UAM.","External source contract","102","extensionAttribute13","varchar(8000)","True","","","","15130","1","0.01","0","0","0","0","0","0","0","0","persoons-/gebruiksgegeven","extern bronveld","broncontract configureren","Niet als UAM-eigendom beoordelen; alleen projecteren wat de module werkelijk nodig heeft."
"AdUsers","Extern AD-gebruikerssnapshot; breed klantbroncontract en geen eigendom van UAM.","External source contract","103","extensionAttribute14","varchar(8000)","True","","","","15130","1356","8.96","0","0","0","0","0","0","0","0","persoons-/gebruiksgegeven","extern bronveld","broncontract configureren","Niet als UAM-eigendom beoordelen; alleen projecteren wat de module werkelijk nodig heeft."
"AdUsers","Extern AD-gebruikerssnapshot; breed klantbroncontract en geen eigendom van UAM.","External source contract","104","extensionAttribute15","varchar(8000)","True","","","","15130","1423","9.41","0","0","0","0","0","0","0","0","persoons-/gebruiksgegeven","extern bronveld","broncontract configureren","Niet als UAM-eigendom beoordelen; alleen projecteren wat de module werkelijk nodig heeft."
"AdUsers","Extern AD-gebruikerssnapshot; breed klantbroncontract en geen eigendom van UAM.","External source contract","105","kostenplaats","varchar(8000)","True","","","","15130","5313","35.12","0","0","0","0","0","0","0","0","persoons-/gebruiksgegeven","extern bronveld","broncontract configureren","Niet als UAM-eigendom beoordelen; alleen projecteren wat de module werkelijk nodig heeft."
"AdUsers","Extern AD-gebruikerssnapshot; breed klantbroncontract en geen eigendom van UAM.","External source contract","106","mAPIRecipient","bit","True","","","","15130","1917","12.67","0","0","0","0","0","0","0","0","persoons-/gebruiksgegeven","extern bronveld","broncontract configureren","Niet als UAM-eigendom beoordelen; alleen projecteren wat de module werkelijk nodig heeft."
"AdUsers","Extern AD-gebruikerssnapshot; breed klantbroncontract en geen eigendom van UAM.","External source contract","107","mDBOverQuotaLimit","int","True","","","","15130","115","0.76","0","0","0","0","0","0","0","0","persoons-/gebruiksgegeven","extern bronveld","broncontract configureren","Niet als UAM-eigendom beoordelen; alleen projecteren wat de module werkelijk nodig heeft."
"AdUsers","Extern AD-gebruikerssnapshot; breed klantbroncontract en geen eigendom van UAM.","External source contract","108","mDBStorageQuota","int","True","","","","15130","117","0.77","0","0","0","0","0","0","0","0","persoons-/gebruiksgegeven","extern bronveld","broncontract configureren","Niet als UAM-eigendom beoordelen; alleen projecteren wat de module werkelijk nodig heeft."
"AdUsers","Extern AD-gebruikerssnapshot; breed klantbroncontract en geen eigendom van UAM.","External source contract","109","mDBUseDefaults","bit","True","","","","15130","7576","50.07","0","0","0","0","0","0","0","0","persoons-/gebruiksgegeven","extern bronveld","broncontract configureren","Niet als UAM-eigendom beoordelen; alleen projecteren wat de module werkelijk nodig heeft."
"AdUsers","Extern AD-gebruikerssnapshot; breed klantbroncontract en geen eigendom van UAM.","External source contract","110","MNSLogonAccount","bit","True","","","","15130","15130","100","0","0","0","0","0","0","0","0","persoons-/gebruiksgegeven","extern bronveld","broncontract configureren","Niet als UAM-eigendom beoordelen; alleen projecteren wat de module werkelijk nodig heeft."
"AdUsers","Extern AD-gebruikerssnapshot; breed klantbroncontract en geen eigendom van UAM.","External source contract","111","msDS-KeyCredentialLink","varchar(max)","True","","","","15130","355","2.35","0","0","0","0","0","0","0","0","persoons-/gebruiksgegeven","extern bronveld","broncontract configureren","Niet als UAM-eigendom beoordelen; alleen projecteren wat de module werkelijk nodig heeft."
"AdUsers","Extern AD-gebruikerssnapshot; breed klantbroncontract en geen eigendom van UAM.","External source contract","112","msDS-LastKnownRDN","varchar(8000)","True","","","","15130","286","1.89","0","0","0","0","0","0","0","0","persoons-/gebruiksgegeven","extern bronveld","broncontract configureren","Niet als UAM-eigendom beoordelen; alleen projecteren wat de module werkelijk nodig heeft."
"AdUsers","Extern AD-gebruikerssnapshot; breed klantbroncontract en geen eigendom van UAM.","External source contract","113","msDS-SupportedEncryptionTypes","int","True","","","","15130","515","3.4","0","0","0","0","0","0","0","0","persoons-/gebruiksgegeven","extern bronveld","broncontract configureren","Niet als UAM-eigendom beoordelen; alleen projecteren wat de module werkelijk nodig heeft."
"AdUsers","Extern AD-gebruikerssnapshot; breed klantbroncontract en geen eigendom van UAM.","External source contract","114","msDS-User-Account-Control-Computed","int","True","","","","15130","15130","100","0","0","0","0","0","0","0","0","persoons-/gebruiksgegeven","extern bronveld","broncontract configureren","Niet als UAM-eigendom beoordelen; alleen projecteren wat de module werkelijk nodig heeft."
"AdUsers","Extern AD-gebruikerssnapshot; breed klantbroncontract en geen eigendom van UAM.","External source contract","115","msExchAddressBookFlags","int","True","","","","15130","79","0.52","0","0","0","0","0","0","0","0","persoons-/gebruiksgegeven","extern bronveld","broncontract configureren","Niet als UAM-eigendom beoordelen; alleen projecteren wat de module werkelijk nodig heeft."
"AdUsers","Extern AD-gebruikerssnapshot; breed klantbroncontract en geen eigendom van UAM.","External source contract","116","msExchAddressBookPolicyLink","varchar(8000)","True","","","","15130","6524","43.12","0","0","0","0","0","0","0","0","persoons-/gebruiksgegeven","extern bronveld","broncontract configureren","Niet als UAM-eigendom beoordelen; alleen projecteren wat de module werkelijk nodig heeft."
"AdUsers","Extern AD-gebruikerssnapshot; breed klantbroncontract en geen eigendom van UAM.","External source contract","117","msExchArchiveQuota","bigint","True","","","","15130","4882","32.27","0","0","0","0","0","0","0","0","persoons-/gebruiksgegeven","extern bronveld","broncontract configureren","Niet als UAM-eigendom beoordelen; alleen projecteren wat de module werkelijk nodig heeft."
"AdUsers","Extern AD-gebruikerssnapshot; breed klantbroncontract en geen eigendom van UAM.","External source contract","118","msExchArchiveWarnQuota","bigint","True","","","","15130","4882","32.27","0","0","0","0","0","0","0","0","persoons-/gebruiksgegeven","extern bronveld","broncontract configureren","Niet als UAM-eigendom beoordelen; alleen projecteren wat de module werkelijk nodig heeft."
"AdUsers","Extern AD-gebruikerssnapshot; breed klantbroncontract en geen eigendom van UAM.","External source contract","119","msExchBlockedSendersHash","varchar(8000)","True","","","","15130","1873","12.38","0","0","0","0","0","0","0","0","persoons-/gebruiksgegeven","extern bronveld","broncontract configureren","Niet als UAM-eigendom beoordelen; alleen projecteren wat de module werkelijk nodig heeft."
"AdUsers","Extern AD-gebruikerssnapshot; breed klantbroncontract en geen eigendom van UAM.","External source contract","120","msExchBypassAudit","bit","True","","","","15130","81","0.54","0","0","0","0","0","0","0","0","persoons-/gebruiksgegeven","extern bronveld","broncontract configureren","Niet als UAM-eigendom beoordelen; alleen projecteren wat de module werkelijk nodig heeft."
"AdUsers","Extern AD-gebruikerssnapshot; breed klantbroncontract en geen eigendom van UAM.","External source contract","121","msExchCalendarLoggingQuota","int","True","","","","15130","4879","32.25","0","0","0","0","0","0","0","0","persoons-/gebruiksgegeven","extern bronveld","broncontract configureren","Niet als UAM-eigendom beoordelen; alleen projecteren wat de module werkelijk nodig heeft."
"AdUsers","Extern AD-gebruikerssnapshot; breed klantbroncontract en geen eigendom van UAM.","External source contract","122","msExchDelegateListBL","varchar(max)","True","","","","15130","4606","30.44","0","0","0","0","0","0","0","0","persoons-/gebruiksgegeven","extern bronveld","broncontract configureren","Niet als UAM-eigendom beoordelen; alleen projecteren wat de module werkelijk nodig heeft."
"AdUsers","Extern AD-gebruikerssnapshot; breed klantbroncontract en geen eigendom van UAM.","External source contract","123","msExchDelegateListLink","varchar(max)","True","","","","15130","353","2.33","0","0","0","0","0","0","0","0","persoons-/gebruiksgegeven","extern bronveld","broncontract configureren","Niet als UAM-eigendom beoordelen; alleen projecteren wat de module werkelijk nodig heeft."
"AdUsers","Extern AD-gebruikerssnapshot; breed klantbroncontract en geen eigendom van UAM.","External source contract","124","msExchDumpsterQuota","int","True","","","","15130","4898","32.37","0","0","0","0","0","0","0","0","persoons-/gebruiksgegeven","extern bronveld","broncontract configureren","Niet als UAM-eigendom beoordelen; alleen projecteren wat de module werkelijk nodig heeft."
"AdUsers","Extern AD-gebruikerssnapshot; breed klantbroncontract en geen eigendom van UAM.","External source contract","125","msExchDumpsterWarningQuota","int","True","","","","15130","4898","32.37","0","0","0","0","0","0","0","0","persoons-/gebruiksgegeven","extern bronveld","broncontract configureren","Niet als UAM-eigendom beoordelen; alleen projecteren wat de module werkelijk nodig heeft."
"AdUsers","Extern AD-gebruikerssnapshot; breed klantbroncontract en geen eigendom van UAM.","External source contract","126","msExchELCMailboxFlags","int","True","","","","15130","6865","45.37","0","0","0","0","0","0","0","0","persoons-/gebruiksgegeven","extern bronveld","broncontract configureren","Niet als UAM-eigendom beoordelen; alleen projecteren wat de module werkelijk nodig heeft."
"AdUsers","Extern AD-gebruikerssnapshot; breed klantbroncontract en geen eigendom van UAM.","External source contract","127","msExchGroupSecurityFlags","int","True","","","","15130","5","0.03","0","0","0","0","0","0","0","0","persoons-/gebruiksgegeven","extern bronveld","broncontract configureren","Niet als UAM-eigendom beoordelen; alleen projecteren wat de module werkelijk nodig heeft."
"AdUsers","Extern AD-gebruikerssnapshot; breed klantbroncontract en geen eigendom van UAM.","External source contract","128","msExchHideFromAddressLists","bit","True","","","","15130","949","6.27","0","0","0","0","0","0","0","0","persoons-/gebruiksgegeven","extern bronveld","broncontract configureren","Niet als UAM-eigendom beoordelen; alleen projecteren wat de module werkelijk nodig heeft."
"AdUsers","Extern AD-gebruikerssnapshot; breed klantbroncontract en geen eigendom van UAM.","External source contract","129","msExchHomeServerName","varchar(8000)","True","","","","15130","7576","50.07","0","0","0","0","0","0","0","0","persoons-/gebruiksgegeven","extern bronveld","broncontract configureren","Niet als UAM-eigendom beoordelen; alleen projecteren wat de module werkelijk nodig heeft."
"AdUsers","Extern AD-gebruikerssnapshot; breed klantbroncontract en geen eigendom van UAM.","External source contract","130","msExchMailboxAuditEnable","bit","True","","","","15130","27","0.18","0","0","0","0","0","0","0","0","persoons-/gebruiksgegeven","extern bronveld","broncontract configureren","Niet als UAM-eigendom beoordelen; alleen projecteren wat de module werkelijk nodig heeft."
"AdUsers","Extern AD-gebruikerssnapshot; breed klantbroncontract en geen eigendom van UAM.","External source contract","131","msExchMailboxAuditLastAdminAccess","datetime2(7)","True","","","","15130","7","0.05","0","0","0","0","0","0","0","0","persoons-/gebruiksgegeven","extern bronveld","broncontract configureren","Niet als UAM-eigendom beoordelen; alleen projecteren wat de module werkelijk nodig heeft."
"AdUsers","Extern AD-gebruikerssnapshot; breed klantbroncontract en geen eigendom van UAM.","External source contract","132","msExchMailboxAuditLastDelegateAccess","datetime2(7)","True","","","","15130","5","0.03","0","0","0","0","0","0","0","0","persoons-/gebruiksgegeven","extern bronveld","broncontract configureren","Niet als UAM-eigendom beoordelen; alleen projecteren wat de module werkelijk nodig heeft."
"AdUsers","Extern AD-gebruikerssnapshot; breed klantbroncontract en geen eigendom van UAM.","External source contract","133","msExchMailboxAuditLogAgeLimit","int","True","","","","15130","9","0.06","0","0","0","0","0","0","0","0","persoons-/gebruiksgegeven","extern bronveld","broncontract configureren","Niet als UAM-eigendom beoordelen; alleen projecteren wat de module werkelijk nodig heeft."
"AdUsers","Extern AD-gebruikerssnapshot; breed klantbroncontract en geen eigendom van UAM.","External source contract","134","msExchMailboxFolderSet","int","True","","","","15130","6","0.04","0","0","0","0","0","0","0","0","persoons-/gebruiksgegeven","extern bronveld","broncontract configureren","Niet als UAM-eigendom beoordelen; alleen projecteren wat de module werkelijk nodig heeft."
"AdUsers","Extern AD-gebruikerssnapshot; breed klantbroncontract en geen eigendom van UAM.","External source contract","135","msExchMailboxTemplateLink","varchar(8000)","True","","","","15130","5160","34.1","0","0","0","0","0","0","0","0","persoons-/gebruiksgegeven","extern bronveld","broncontract configureren","Niet als UAM-eigendom beoordelen; alleen projecteren wat de module werkelijk nodig heeft."
"AdUsers","Extern AD-gebruikerssnapshot; breed klantbroncontract en geen eigendom van UAM.","External source contract","136","msExchMDBRulesQuota","int","True","","","","15130","9","0.06","0","0","0","0","0","0","0","0","persoons-/gebruiksgegeven","extern bronveld","broncontract configureren","Niet als UAM-eigendom beoordelen; alleen projecteren wat de module werkelijk nodig heeft."
"AdUsers","Extern AD-gebruikerssnapshot; breed klantbroncontract en geen eigendom van UAM.","External source contract","137","msExchMobileMailboxFlags","int","True","","","","15130","5945","39.29","0","0","0","0","0","0","0","0","persoons-/gebruiksgegeven","extern bronveld","broncontract configureren","Niet als UAM-eigendom beoordelen; alleen projecteren wat de module werkelijk nodig heeft."
"AdUsers","Extern AD-gebruikerssnapshot; breed klantbroncontract en geen eigendom van UAM.","External source contract","138","msExchModerationFlags","int","True","","","","15130","8","0.05","0","0","0","0","0","0","0","0","persoons-/gebruiksgegeven","extern bronveld","broncontract configureren","Niet als UAM-eigendom beoordelen; alleen projecteren wat de module werkelijk nodig heeft."
"AdUsers","Extern AD-gebruikerssnapshot; breed klantbroncontract en geen eigendom van UAM.","External source contract","139","msExchPoliciesExcluded","varchar(max)","True","","","","15130","6285","41.54","0","0","0","0","0","0","0","0","persoons-/gebruiksgegeven","extern bronveld","broncontract configureren","Niet als UAM-eigendom beoordelen; alleen projecteren wat de module werkelijk nodig heeft."
"AdUsers","Extern AD-gebruikerssnapshot; breed klantbroncontract en geen eigendom van UAM.","External source contract","140","msExchPoliciesIncluded","varchar(max)","True","","","","15130","1271","8.4","0","0","0","0","0","0","0","0","persoons-/gebruiksgegeven","extern bronveld","broncontract configureren","Niet als UAM-eigendom beoordelen; alleen projecteren wat de module werkelijk nodig heeft."
"AdUsers","Extern AD-gebruikerssnapshot; breed klantbroncontract en geen eigendom van UAM.","External source contract","141","msExchPreviousRecipientTypeDetails","bigint","True","","","","15130","1713","11.32","0","0","0","0","0","0","0","0","persoons-/gebruiksgegeven","extern bronveld","broncontract configureren","Niet als UAM-eigendom beoordelen; alleen projecteren wat de module werkelijk nodig heeft."
"AdUsers","Extern AD-gebruikerssnapshot; breed klantbroncontract en geen eigendom van UAM.","External source contract","142","msExchProvisioningFlags","int","True","","","","15130","79","0.52","0","0","0","0","0","0","0","0","persoons-/gebruiksgegeven","extern bronveld","broncontract configureren","Niet als UAM-eigendom beoordelen; alleen projecteren wat de module werkelijk nodig heeft."
"AdUsers","Extern AD-gebruikerssnapshot; breed klantbroncontract en geen eigendom van UAM.","External source contract","143","msExchRBACPolicyLink","varchar(8000)","True","","","","15130","7555","49.93","0","0","0","0","0","0","0","0","persoons-/gebruiksgegeven","extern bronveld","broncontract configureren","Niet als UAM-eigendom beoordelen; alleen projecteren wat de module werkelijk nodig heeft."
"AdUsers","Extern AD-gebruikerssnapshot; breed klantbroncontract en geen eigendom van UAM.","External source contract","144","msExchRecipientDisplayType","int","True","","","","15130","7556","49.94","0","0","0","0","0","0","0","0","persoons-/gebruiksgegeven","extern bronveld","broncontract configureren","Niet als UAM-eigendom beoordelen; alleen projecteren wat de module werkelijk nodig heeft."
"AdUsers","Extern AD-gebruikerssnapshot; breed klantbroncontract en geen eigendom van UAM.","External source contract","145","msExchRecipientSoftDeletedStatus","int","True","","","","15130","1720","11.37","0","0","0","0","0","0","0","0","persoons-/gebruiksgegeven","extern bronveld","broncontract configureren","Niet als UAM-eigendom beoordelen; alleen projecteren wat de module werkelijk nodig heeft."
"AdUsers","Extern AD-gebruikerssnapshot; breed klantbroncontract en geen eigendom van UAM.","External source contract","146","msExchRecipientTypeDetails","bigint","True","","","","15130","7556","49.94","0","0","0","0","0","0","0","0","persoons-/gebruiksgegeven","extern bronveld","broncontract configureren","Niet als UAM-eigendom beoordelen; alleen projecteren wat de module werkelijk nodig heeft."
"AdUsers","Extern AD-gebruikerssnapshot; breed klantbroncontract en geen eigendom van UAM.","External source contract","147","msExchSafeRecipientsHash","varchar(8000)","True","","","","15130","56","0.37","0","0","0","0","0","0","0","0","persoons-/gebruiksgegeven","extern bronveld","broncontract configureren","Niet als UAM-eigendom beoordelen; alleen projecteren wat de module werkelijk nodig heeft."
"AdUsers","Extern AD-gebruikerssnapshot; breed klantbroncontract en geen eigendom van UAM.","External source contract","148","msExchShadowCountryCode","int","True","","","","15130","23","0.15","0","0","0","0","0","0","0","0","persoons-/gebruiksgegeven","extern bronveld","broncontract configureren","Niet als UAM-eigendom beoordelen; alleen projecteren wat de module werkelijk nodig heeft."
"AdUsers","Extern AD-gebruikerssnapshot; breed klantbroncontract en geen eigendom van UAM.","External source contract","149","msExchShadowDisplayName","varchar(8000)","True","","","","15130","89","0.59","0","0","0","0","0","0","0","0","persoons-/gebruiksgegeven","extern bronveld","broncontract configureren","Niet als UAM-eigendom beoordelen; alleen projecteren wat de module werkelijk nodig heeft."
"AdUsers","Extern AD-gebruikerssnapshot; breed klantbroncontract en geen eigendom van UAM.","External source contract","150","msExchShadowGivenName","varchar(8000)","True","","","","15130","32","0.21","0","0","0","0","0","0","0","0","persoons-/gebruiksgegeven","extern bronveld","broncontract configureren","Niet als UAM-eigendom beoordelen; alleen projecteren wat de module werkelijk nodig heeft."
"AdUsers","Extern AD-gebruikerssnapshot; breed klantbroncontract en geen eigendom van UAM.","External source contract","151","msExchShadowInfo","varchar(8000)","True","","","","15130","6","0.04","0","0","0","0","0","0","0","0","persoons-/gebruiksgegeven","extern bronveld","broncontract configureren","Niet als UAM-eigendom beoordelen; alleen projecteren wat de module werkelijk nodig heeft."
"AdUsers","Extern AD-gebruikerssnapshot; breed klantbroncontract en geen eigendom van UAM.","External source contract","152","msExchShadowMailNickname","varchar(8000)","True","","","","15130","228","1.51","0","0","0","0","0","0","0","0","persoons-/gebruiksgegeven","extern bronveld","broncontract configureren","Niet als UAM-eigendom beoordelen; alleen projecteren wat de module werkelijk nodig heeft."
"AdUsers","Extern AD-gebruikerssnapshot; breed klantbroncontract en geen eigendom van UAM.","External source contract","153","msExchShadowProxyAddresses","varchar(max)","True","","","","15130","468","3.09","0","0","0","0","0","0","0","0","persoons-/gebruiksgegeven","extern bronveld","broncontract configureren","Niet als UAM-eigendom beoordelen; alleen projecteren wat de module werkelijk nodig heeft."
"AdUsers","Extern AD-gebruikerssnapshot; breed klantbroncontract en geen eigendom van UAM.","External source contract","154","msExchShadowSn","varchar(8000)","True","","","","15130","21","0.14","0","0","0","0","0","0","0","0","persoons-/gebruiksgegeven","extern bronveld","broncontract configureren","Niet als UAM-eigendom beoordelen; alleen projecteren wat de module werkelijk nodig heeft."
"AdUsers","Extern AD-gebruikerssnapshot; breed klantbroncontract en geen eigendom van UAM.","External source contract","155","msExchTextMessagingState","varchar(max)","True","","","","15130","7555","49.93","0","0","0","0","0","0","0","0","persoons-/gebruiksgegeven","extern bronveld","broncontract configureren","Niet als UAM-eigendom beoordelen; alleen projecteren wat de module werkelijk nodig heeft."
"AdUsers","Extern AD-gebruikerssnapshot; breed klantbroncontract en geen eigendom van UAM.","External source contract","156","msExchThrottlingPolicyDN","varchar(8000)","True","","","","15130","2476","16.36","0","0","0","0","0","0","0","0","persoons-/gebruiksgegeven","extern bronveld","broncontract configureren","Niet als UAM-eigendom beoordelen; alleen projecteren wat de module werkelijk nodig heeft."
"AdUsers","Extern AD-gebruikerssnapshot; breed klantbroncontract en geen eigendom van UAM.","External source contract","157","msExchTransportRecipientSettingsFlags","int","True","","","","15130","88","0.58","0","0","0","0","0","0","0","0","gevoelige diagnostiek/configuratie","extern bronveld","broncontract configureren","Niet als UAM-eigendom beoordelen; alleen projecteren wat de module werkelijk nodig heeft."
"AdUsers","Extern AD-gebruikerssnapshot; breed klantbroncontract en geen eigendom van UAM.","External source contract","158","msExchUMDtmfMap","varchar(max)","True","","","","15130","9486","62.7","0","0","0","0","0","0","0","0","persoons-/gebruiksgegeven","extern bronveld","broncontract configureren","Niet als UAM-eigendom beoordelen; alleen projecteren wat de module werkelijk nodig heeft."
"AdUsers","Extern AD-gebruikerssnapshot; breed klantbroncontract en geen eigendom van UAM.","External source contract","159","msExchUMEnabledFlags2","int","True","","","","15130","8","0.05","0","0","0","0","0","0","0","0","persoons-/gebruiksgegeven","extern bronveld","broncontract configureren","Niet als UAM-eigendom beoordelen; alleen projecteren wat de module werkelijk nodig heeft."
"AdUsers","Extern AD-gebruikerssnapshot; breed klantbroncontract en geen eigendom van UAM.","External source contract","160","msExchUserAccountControl","int","True","","","","15130","7576","50.07","0","0","0","0","0","0","0","0","persoons-/gebruiksgegeven","extern bronveld","broncontract configureren","Niet als UAM-eigendom beoordelen; alleen projecteren wat de module werkelijk nodig heeft."
"AdUsers","Extern AD-gebruikerssnapshot; breed klantbroncontract en geen eigendom van UAM.","External source contract","161","msExchUserBL","varchar(max)","True","","","","15130","3","0.02","0","0","0","0","0","0","0","0","persoons-/gebruiksgegeven","extern bronveld","broncontract configureren","Niet als UAM-eigendom beoordelen; alleen projecteren wat de module werkelijk nodig heeft."
"AdUsers","Extern AD-gebruikerssnapshot; breed klantbroncontract en geen eigendom van UAM.","External source contract","162","msExchUserCulture","varchar(8000)","True","","","","15130","4833","31.94","0","0","0","0","0","0","0","0","persoons-/gebruiksgegeven","extern bronveld","broncontract configureren","Niet als UAM-eigendom beoordelen; alleen projecteren wat de module werkelijk nodig heeft."
"AdUsers","Extern AD-gebruikerssnapshot; breed klantbroncontract en geen eigendom van UAM.","External source contract","163","msExchVersion","bigint","True","","","","15130","7559","49.96","0","0","0","0","0","0","0","0","persoons-/gebruiksgegeven","extern bronveld","broncontract configureren","Niet als UAM-eigendom beoordelen; alleen projecteren wat de module werkelijk nodig heeft."
"AdUsers","Extern AD-gebruikerssnapshot; breed klantbroncontract en geen eigendom van UAM.","External source contract","164","mSMQDigests","varchar(max)","True","","","","15130","15","0.1","0","0","0","0","0","0","0","0","persoons-/gebruiksgegeven","extern bronveld","broncontract configureren","Niet als UAM-eigendom beoordelen; alleen projecteren wat de module werkelijk nodig heeft."
"AdUsers","Extern AD-gebruikerssnapshot; breed klantbroncontract en geen eigendom van UAM.","External source contract","165","mSMQSignCertificates","varchar(8000)","True","","","","15130","15","0.1","0","0","0","0","0","0","0","0","persoons-/gebruiksgegeven","extern bronveld","broncontract configureren","Niet als UAM-eigendom beoordelen; alleen projecteren wat de module werkelijk nodig heeft."
"AdUsers","Extern AD-gebruikerssnapshot; breed klantbroncontract en geen eigendom van UAM.","External source contract","166","msTSLicenseVersion","varchar(8000)","True","","","","15130","77","0.51","0","0","0","0","0","0","0","0","persoons-/gebruiksgegeven","extern bronveld","broncontract configureren","Niet als UAM-eigendom beoordelen; alleen projecteren wat de module werkelijk nodig heeft."
"AdUsers","Extern AD-gebruikerssnapshot; breed klantbroncontract en geen eigendom van UAM.","External source contract","167","msTSLicenseVersion2","varchar(8000)","True","","","","15130","46","0.3","0","0","0","0","0","0","0","0","persoons-/gebruiksgegeven","extern bronveld","broncontract configureren","Niet als UAM-eigendom beoordelen; alleen projecteren wat de module werkelijk nodig heeft."
"AdUsers","Extern AD-gebruikerssnapshot; breed klantbroncontract en geen eigendom van UAM.","External source contract","168","msTSLicenseVersion3","varchar(8000)","True","","","","15130","46","0.3","0","0","0","0","0","0","0","0","persoons-/gebruiksgegeven","extern bronveld","broncontract configureren","Niet als UAM-eigendom beoordelen; alleen projecteren wat de module werkelijk nodig heeft."
"AdUsers","Extern AD-gebruikerssnapshot; breed klantbroncontract en geen eigendom van UAM.","External source contract","169","msTSManagingLS","varchar(8000)","True","","","","15130","77","0.51","0","0","0","0","0","0","0","0","persoons-/gebruiksgegeven","extern bronveld","broncontract configureren","Niet als UAM-eigendom beoordelen; alleen projecteren wat de module werkelijk nodig heeft."
"AdUsers","Extern AD-gebruikerssnapshot; breed klantbroncontract en geen eigendom van UAM.","External source contract","170","publicDelegatesBL","varchar(max)","True","","","","15130","1834","12.12","0","0","0","0","0","0","0","0","persoons-/gebruiksgegeven","extern bronveld","broncontract configureren","Niet als UAM-eigendom beoordelen; alleen projecteren wat de module werkelijk nodig heeft."
"AdUsers","Extern AD-gebruikerssnapshot; breed klantbroncontract en geen eigendom van UAM.","External source contract","171","sDRightsEffective","int","True","","","","15130","15130","100","0","0","0","0","0","0","0","0","persoons-/gebruiksgegeven","extern bronveld","broncontract configureren","Niet als UAM-eigendom beoordelen; alleen projecteren wat de module werkelijk nodig heeft."
"AdUsers","Extern AD-gebruikerssnapshot; breed klantbroncontract en geen eigendom van UAM.","External source contract","172","msExchCoManagedObjectsBL","varchar(max)","True","","","","15130","182","1.2","0","0","0","0","0","0","0","0","persoons-/gebruiksgegeven","extern bronveld","broncontract configureren","Niet als UAM-eigendom beoordelen; alleen projecteren wat de module werkelijk nodig heeft."
"AdUsers","Extern AD-gebruikerssnapshot; breed klantbroncontract en geen eigendom van UAM.","External source contract","173","authOrigBL","varchar(max)","True","","","","15130","11","0.07","0","0","0","0","0","0","0","0","persoons-/gebruiksgegeven","extern bronveld","broncontract configureren","Niet als UAM-eigendom beoordelen; alleen projecteren wat de module werkelijk nodig heeft."
"AdUsers","Extern AD-gebruikerssnapshot; breed klantbroncontract en geen eigendom van UAM.","External source contract","174","managedObjects","varchar(max)","True","","","","15130","154","1.02","0","0","0","0","0","0","0","0","persoons-/gebruiksgegeven","extern bronveld","broncontract configureren","Niet als UAM-eigendom beoordelen; alleen projecteren wat de module werkelijk nodig heeft."
"AdUsers","Extern AD-gebruikerssnapshot; breed klantbroncontract en geen eigendom van UAM.","External source contract","175","altRecipientBL","varchar(max)","True","","","","15130","6","0.04","0","0","0","0","0","0","0","0","persoons-/gebruiksgegeven","extern bronveld","broncontract configureren","Niet als UAM-eigendom beoordelen; alleen projecteren wat de module werkelijk nodig heeft."
"AdUsers","Extern AD-gebruikerssnapshot; breed klantbroncontract en geen eigendom van UAM.","External source contract","176","msExchPreviousHomeMDB","varchar(8000)","True","","","","15130","8","0.05","0","0","0","0","0","0","0","0","persoons-/gebruiksgegeven","extern bronveld","broncontract configureren","Niet als UAM-eigendom beoordelen; alleen projecteren wat de module werkelijk nodig heeft."
"AdUsers","Extern AD-gebruikerssnapshot; breed klantbroncontract en geen eigendom van UAM.","External source contract","177","mDBOverHardQuotaLimit","int","True","","","","15130","32","0.21","0","0","0","0","0","0","0","0","persoons-/gebruiksgegeven","extern bronveld","broncontract configureren","Niet als UAM-eigendom beoordelen; alleen projecteren wat de module werkelijk nodig heeft."
"AdUsers","Extern AD-gebruikerssnapshot; breed klantbroncontract en geen eigendom van UAM.","External source contract","178","msExchSenderHintTranslations","varchar(max)","True","","","","15130","5","0.03","0","0","0","0","0","0","0","0","persoons-/gebruiksgegeven","extern bronveld","broncontract configureren","Niet als UAM-eigendom beoordelen; alleen projecteren wat de module werkelijk nodig heeft."
"AdUsers","Extern AD-gebruikerssnapshot; breed klantbroncontract en geen eigendom van UAM.","External source contract","179","msExchSharingPolicyLink","varchar(8000)","True","","","","15130","4","0.03","0","0","0","0","0","0","0","0","persoons-/gebruiksgegeven","extern bronveld","broncontract configureren","Niet als UAM-eigendom beoordelen; alleen projecteren wat de module werkelijk nodig heeft."
"AdUsers","Extern AD-gebruikerssnapshot; breed klantbroncontract en geen eigendom van UAM.","External source contract","180","msExchAuditOwner","int","True","","","","15130","12","0.08","0","0","0","0","0","0","0","0","persoons-/gebruiksgegeven","extern bronveld","broncontract configureren","Niet als UAM-eigendom beoordelen; alleen projecteren wat de module werkelijk nodig heeft."
"AdUsers","Extern AD-gebruikerssnapshot; breed klantbroncontract en geen eigendom van UAM.","External source contract","181","msExchOmaAdminWirelessEnable","int","True","","","","15130","9","0.06","0","0","0","0","0","0","0","0","persoons-/gebruiksgegeven","extern bronveld","broncontract configureren","Niet als UAM-eigendom beoordelen; alleen projecteren wat de module werkelijk nodig heeft."
"AdUsers","Extern AD-gebruikerssnapshot; breed klantbroncontract en geen eigendom van UAM.","External source contract","182","deletedItemFlags","int","True","","","","15130","4","0.03","0","0","0","0","0","0","0","0","persoons-/gebruiksgegeven","extern bronveld","broncontract configureren","Niet als UAM-eigendom beoordelen; alleen projecteren wat de module werkelijk nodig heeft."
"AdUsers","Extern AD-gebruikerssnapshot; breed klantbroncontract en geen eigendom van UAM.","External source contract","183","msExchSharingPartnerIdentities","varchar(max)","True","","","","15130","30","0.2","0","0","0","0","0","0","0","0","persoons-/gebruiksgegeven","extern bronveld","broncontract configureren","Niet als UAM-eigendom beoordelen; alleen projecteren wat de module werkelijk nodig heeft."
"AdUsers","Extern AD-gebruikerssnapshot; breed klantbroncontract en geen eigendom van UAM.","External source contract","184","altRecipient","varchar(8000)","True","","","","15130","11","0.07","0","0","0","0","0","0","0","0","persoons-/gebruiksgegeven","extern bronveld","broncontract configureren","Niet als UAM-eigendom beoordelen; alleen projecteren wat de module werkelijk nodig heeft."
"AdUsers","Extern AD-gebruikerssnapshot; breed klantbroncontract en geen eigendom van UAM.","External source contract","185","deliverAndRedirect","bit","True","","","","15130","7","0.05","0","0","0","0","0","0","0","0","persoons-/gebruiksgegeven","extern bronveld","broncontract configureren","Niet als UAM-eigendom beoordelen; alleen projecteren wat de module werkelijk nodig heeft."
"AdUsers","Extern AD-gebruikerssnapshot; breed klantbroncontract en geen eigendom van UAM.","External source contract","186","msExchGenericForwardingAddress","varchar(8000)","True","","","","15130","1","0.01","0","0","0","0","0","0","0","0","persoons-/gebruiksgegeven","extern bronveld","broncontract configureren","Niet als UAM-eigendom beoordelen; alleen projecteren wat de module werkelijk nodig heeft."
"AdUsers","Extern AD-gebruikerssnapshot; breed klantbroncontract en geen eigendom van UAM.","External source contract","187","msExchShadowTitle","varchar(8000)","True","","","","15130","7","0.05","0","0","0","0","0","0","0","0","persoons-/gebruiksgegeven","extern bronveld","broncontract configureren","Niet als UAM-eigendom beoordelen; alleen projecteren wat de module werkelijk nodig heeft."
"AdUsers","Extern AD-gebruikerssnapshot; breed klantbroncontract en geen eigendom van UAM.","External source contract","188","msExchAuditAdmin","int","True","","","","15130","1","0.01","0","0","0","0","0","0","0","0","persoons-/gebruiksgegeven","extern bronveld","broncontract configureren","Niet als UAM-eigendom beoordelen; alleen projecteren wat de module werkelijk nodig heeft."
"AdUsers","Extern AD-gebruikerssnapshot; breed klantbroncontract en geen eigendom van UAM.","External source contract","189","msExchAuditDelegateAdmin","int","True","","","","15130","1","0.01","0","0","0","0","0","0","0","0","persoons-/gebruiksgegeven","extern bronveld","broncontract configureren","Niet als UAM-eigendom beoordelen; alleen projecteren wat de module werkelijk nodig heeft."
"AdUsers","Extern AD-gebruikerssnapshot; breed klantbroncontract en geen eigendom van UAM.","External source contract","190","msExchMailboxMoveTargetUserBL","varchar(max)","True","","","","15130","2","0.01","0","0","0","0","0","0","0","0","persoons-/gebruiksgegeven","extern bronveld","broncontract configureren","Niet als UAM-eigendom beoordelen; alleen projecteren wat de module werkelijk nodig heeft."
"AdUsers","Extern AD-gebruikerssnapshot; breed klantbroncontract en geen eigendom van UAM.","External source contract","191","msExchShadowDepartment","varchar(8000)","True","","","","15130","4","0.03","0","0","0","0","0","0","0","0","persoons-/gebruiksgegeven","extern bronveld","broncontract configureren","Niet als UAM-eigendom beoordelen; alleen projecteren wat de module werkelijk nodig heeft."
"AdUsers","Extern AD-gebruikerssnapshot; breed klantbroncontract en geen eigendom van UAM.","External source contract","192","msExchShadowMobile","varchar(8000)","True","","","","15130","1","0.01","0","0","0","0","0","0","0","0","persoons-/gebruiksgegeven","extern bronveld","broncontract configureren","Niet als UAM-eigendom beoordelen; alleen projecteren wat de module werkelijk nodig heeft."
"AdUsers","Extern AD-gebruikerssnapshot; breed klantbroncontract en geen eigendom van UAM.","External source contract","193","msExchShadowPostalCode","varchar(8000)","True","","","","15130","3","0.02","0","0","0","0","0","0","0","0","persoons-/gebruiksgegeven","extern bronveld","broncontract configureren","Niet als UAM-eigendom beoordelen; alleen projecteren wat de module werkelijk nodig heeft."
"AdUsers","Extern AD-gebruikerssnapshot; breed klantbroncontract en geen eigendom van UAM.","External source contract","194","msExchShadowStreetAddress","varchar(8000)","True","","","","15130","3","0.02","0","0","0","0","0","0","0","0","persoons-/gebruiksgegeven","extern bronveld","broncontract configureren","Niet als UAM-eigendom beoordelen; alleen projecteren wat de module werkelijk nodig heeft."
"AdUsers","Extern AD-gebruikerssnapshot; breed klantbroncontract en geen eigendom van UAM.","External source contract","195","msExchShadowTelephoneNumber","varchar(8000)","True","","","","15130","4","0.03","0","0","0","0","0","0","0","0","persoons-/gebruiksgegeven","extern bronveld","broncontract configureren","Niet als UAM-eigendom beoordelen; alleen projecteren wat de module werkelijk nodig heeft."
"AdUsers","Extern AD-gebruikerssnapshot; breed klantbroncontract en geen eigendom van UAM.","External source contract","196","msExchResourceDisplay","varchar(8000)","True","","","","15130","2","0.01","0","0","0","0","0","0","0","0","persoons-/gebruiksgegeven","extern bronveld","broncontract configureren","Niet als UAM-eigendom beoordelen; alleen projecteren wat de module werkelijk nodig heeft."
"AdUsers","Extern AD-gebruikerssnapshot; breed klantbroncontract en geen eigendom van UAM.","External source contract","197","msExchResourceMetaData","varchar(max)","True","","","","15130","2","0.01","0","0","0","0","0","0","0","0","persoons-/gebruiksgegeven","extern bronveld","broncontract configureren","Niet als UAM-eigendom beoordelen; alleen projecteren wat de module werkelijk nodig heeft."
"AdUsers","Extern AD-gebruikerssnapshot; breed klantbroncontract en geen eigendom van UAM.","External source contract","198","msExchResourceSearchProperties","varchar(max)","True","","","","15130","2","0.01","0","0","0","0","0","0","0","0","persoons-/gebruiksgegeven","extern bronveld","broncontract configureren","Niet als UAM-eigendom beoordelen; alleen projecteren wat de module werkelijk nodig heeft."
"AdUsers","Extern AD-gebruikerssnapshot; breed klantbroncontract en geen eigendom van UAM.","External source contract","199","msExchShadowPhysicalDeliveryOfficeName","varchar(8000)","True","","","","15130","3","0.02","0","0","0","0","0","0","0","0","persoons-/gebruiksgegeven","extern bronveld","broncontract configureren","Niet als UAM-eigendom beoordelen; alleen projecteren wat de module werkelijk nodig heeft."
"AdUsers","Extern AD-gebruikerssnapshot; breed klantbroncontract en geen eigendom van UAM.","External source contract","200","msExchAuditDelegate","int","True","","","","15130","0","0","0","0","0","0","0","0","0","0","persoons-/gebruiksgegeven","extern bronveld","broncontract configureren","Niet als UAM-eigendom beoordelen; alleen projecteren wat de module werkelijk nodig heeft."
"AdUsers","Extern AD-gebruikerssnapshot; breed klantbroncontract en geen eigendom van UAM.","External source contract","201","msRTCSIP-PrimaryUserAddress","varchar(8000)","True","","","","15130","3","0.02","0","0","0","0","0","0","0","0","persoons-/gebruiksgegeven","extern bronveld","broncontract configureren","Niet als UAM-eigendom beoordelen; alleen projecteren wat de module werkelijk nodig heeft."
"AdUsers","Extern AD-gebruikerssnapshot; breed klantbroncontract en geen eigendom van UAM.","External source contract","202","msRTCSIP-UserEnabled","bit","True","","","","15130","2","0.01","0","0","0","0","0","0","0","0","persoons-/gebruiksgegeven","extern bronveld","broncontract configureren","Niet als UAM-eigendom beoordelen; alleen projecteren wat de module werkelijk nodig heeft."
"AdUsers","Extern AD-gebruikerssnapshot; breed klantbroncontract en geen eigendom van UAM.","External source contract","203","msExchResourceCapacity","int","True","","","","15130","0","0","0","0","0","0","0","0","0","0","persoons-/gebruiksgegeven","extern bronveld","broncontract configureren","Niet als UAM-eigendom beoordelen; alleen projecteren wat de module werkelijk nodig heeft."
"AdUsers","Extern AD-gebruikerssnapshot; breed klantbroncontract en geen eigendom van UAM.","External source contract","204","msExchArchiveDatabaseLink","varchar(8000)","True","","","","15130","0","0","0","0","0","0","0","0","0","0","persoons-/gebruiksgegeven","extern bronveld","broncontract configureren","Niet als UAM-eigendom beoordelen; alleen projecteren wat de module werkelijk nodig heeft."
"AdUsers","Extern AD-gebruikerssnapshot; breed klantbroncontract en geen eigendom van UAM.","External source contract","205","msExchArchiveName","varchar(max)","True","","","","15130","0","0","0","0","0","0","0","0","0","0","persoons-/gebruiksgegeven","extern bronveld","broncontract configureren","Niet als UAM-eigendom beoordelen; alleen projecteren wat de module werkelijk nodig heeft."
"AdUsers","Extern AD-gebruikerssnapshot; breed klantbroncontract en geen eigendom van UAM.","External source contract","206","msDS-ExternalDirectoryObjectId","varchar(8000)","True","","","","15130","0","0","0","0","0","0","0","0","0","0","persoons-/gebruiksgegeven","extern bronveld","broncontract configureren","Niet als UAM-eigendom beoordelen; alleen projecteren wat de module werkelijk nodig heeft."
"AdUsers","Extern AD-gebruikerssnapshot; breed klantbroncontract en geen eigendom van UAM.","External source contract","207","msExchLitigationHoldDate","datetime2(7)","True","","","","15130","1","0.01","0","0","0","0","0","0","0","0","persoons-/gebruiksgegeven","extern bronveld","broncontract configureren","Niet als UAM-eigendom beoordelen; alleen projecteren wat de module werkelijk nodig heeft."
"AdUsers","Extern AD-gebruikerssnapshot; breed klantbroncontract en geen eigendom van UAM.","External source contract","208","msExchLitigationHoldOwner","varchar(8000)","True","","","","15130","1","0.01","0","0","0","0","0","0","0","0","persoons-/gebruiksgegeven","extern bronveld","broncontract configureren","Niet als UAM-eigendom beoordelen; alleen projecteren wat de module werkelijk nodig heeft."
"AdUsers","Extern AD-gebruikerssnapshot; breed klantbroncontract en geen eigendom van UAM.","External source contract","209","msExchUserHoldPolicies","varchar(max)","True","","","","15130","1","0.01","0","0","0","0","0","0","0","0","persoons-/gebruiksgegeven","extern bronveld","broncontract configureren","Niet als UAM-eigendom beoordelen; alleen projecteren wat de module werkelijk nodig heeft."
"AdUsers","Extern AD-gebruikerssnapshot; breed klantbroncontract en geen eigendom van UAM.","External source contract","210","legacyExchangeDN","varchar(8000)","True","","","","15130","7557","49.95","0","0","0","0","0","0","0","0","persoons-/gebruiksgegeven","extern bronveld","broncontract configureren","Niet als UAM-eigendom beoordelen; alleen projecteren wat de module werkelijk nodig heeft."
"AdUsers","Extern AD-gebruikerssnapshot; breed klantbroncontract en geen eigendom van UAM.","External source contract","211","SmartcardLogonRequired","bit","True","","","","15130","15130","100","0","0","0","0","0","0","0","0","persoons-/gebruiksgegeven","extern bronveld","broncontract configureren","Niet als UAM-eigendom beoordelen; alleen projecteren wat de module werkelijk nodig heeft."
"AdUsers","Extern AD-gebruikerssnapshot; breed klantbroncontract en geen eigendom van UAM.","External source contract","212","UseDESKeyOnly","bit","True","","","","15130","15130","100","0","0","0","0","0","0","0","0","persoons-/gebruiksgegeven","extern bronveld","broncontract configureren","Niet als UAM-eigendom beoordelen; alleen projecteren wat de module werkelijk nodig heeft."
"AdUsers","Extern AD-gebruikerssnapshot; breed klantbroncontract en geen eigendom van UAM.","External source contract","213","userAccountControl","int","True","","","","15130","15130","100","0","0","0","0","0","0","0","0","persoons-/gebruiksgegeven","extern bronveld","broncontract configureren","Niet als UAM-eigendom beoordelen; alleen projecteren wat de module werkelijk nodig heeft."
"AdUsers","Extern AD-gebruikerssnapshot; breed klantbroncontract en geen eigendom van UAM.","External source contract","214","userCertificate","varchar(max)","True","","","","15130","6","0.04","0","0","0","0","0","0","0","0","persoons-/gebruiksgegeven","extern bronveld","broncontract configureren","Niet als UAM-eigendom beoordelen; alleen projecteren wat de module werkelijk nodig heeft."
"AdUsers","Extern AD-gebruikerssnapshot; breed klantbroncontract en geen eigendom van UAM.","External source contract","215","TrustedForDelegation","bit","True","","","","15130","15130","100","0","0","0","0","0","0","0","0","persoons-/gebruiksgegeven","extern bronveld","broncontract configureren","Niet als UAM-eigendom beoordelen; alleen projecteren wat de module werkelijk nodig heeft."
"AdUsers","Extern AD-gebruikerssnapshot; breed klantbroncontract en geen eigendom van UAM.","External source contract","216","TrustedToAuthForDelegation","bit","True","","","","15130","15130","100","0","0","0","0","0","0","0","0","persoons-/gebruiksgegeven","extern bronveld","broncontract configureren","Niet als UAM-eigendom beoordelen; alleen projecteren wat de module werkelijk nodig heeft."
"AdUsers","Extern AD-gebruikerssnapshot; breed klantbroncontract en geen eigendom van UAM.","External source contract","217","KerberosEncryptionType","varchar(max)","True","","","","15130","515","3.4","0","0","0","0","0","0","0","0","persoons-/gebruiksgegeven","extern bronveld","broncontract configureren","Niet als UAM-eigendom beoordelen; alleen projecteren wat de module werkelijk nodig heeft."
"AdUsers","Extern AD-gebruikerssnapshot; breed klantbroncontract en geen eigendom van UAM.","External source contract","218","PrincipalsAllowedToDelegateToAccount","varchar(8000)","True","","","","15130","0","0","0","0","0","0","0","0","0","0","persoons-/gebruiksgegeven","extern bronveld","broncontract configureren","Niet als UAM-eigendom beoordelen; alleen projecteren wat de module werkelijk nodig heeft."
"AdUsers","Extern AD-gebruikerssnapshot; breed klantbroncontract en geen eigendom van UAM.","External source contract","219","ProtectedFromAccidentalDeletion","bit","True","","","","15130","15130","100","0","0","0","0","0","0","0","0","persoons-/gebruiksgegeven","extern bronveld","broncontract configureren","Niet als UAM-eigendom beoordelen; alleen projecteren wat de module werkelijk nodig heeft."
"AdUsers","Extern AD-gebruikerssnapshot; breed klantbroncontract en geen eigendom van UAM.","External source contract","220","DoesNotRequirePreAuth","bit","True","","","","15130","15130","100","0","0","0","0","0","0","0","0","persoons-/gebruiksgegeven","extern bronveld","broncontract configureren","Niet als UAM-eigendom beoordelen; alleen projecteren wat de module werkelijk nodig heeft."
"AdUsers","Extern AD-gebruikerssnapshot; breed klantbroncontract en geen eigendom van UAM.","External source contract","221","targetAddress","varchar(8000)","True","","","","15130","1","0.01","0","0","0","0","0","0","0","0","persoons-/gebruiksgegeven","extern bronveld","broncontract configureren","Niet als UAM-eigendom beoordelen; alleen projecteren wat de module werkelijk nodig heeft."
"AdUsers","Extern AD-gebruikerssnapshot; breed klantbroncontract en geen eigendom van UAM.","External source contract","222","desktopProfile","varchar(8000)","True","","","","15130","0","0","0","0","0","0","0","0","0","0","persoons-/gebruiksgegeven","extern bronveld","broncontract configureren","Niet als UAM-eigendom beoordelen; alleen projecteren wat de module werkelijk nodig heeft."
"AdUsers","Extern AD-gebruikerssnapshot; breed klantbroncontract en geen eigendom van UAM.","External source contract","223","garbageCollPeriod","int","True","","","","15130","10","0.07","0","0","0","0","0","0","0","0","persoons-/gebruiksgegeven","extern bronveld","broncontract configureren","Niet als UAM-eigendom beoordelen; alleen projecteren wat de module werkelijk nodig heeft."
"AdUsers","Extern AD-gebruikerssnapshot; breed klantbroncontract en geen eigendom van UAM.","External source contract","224","codePage","int","True","","","","15130","15130","100","0","0","0","0","0","0","0","0","persoons-/gebruiksgegeven","extern bronveld","broncontract configureren","Niet als UAM-eigendom beoordelen; alleen projecteren wat de module werkelijk nodig heeft."
"AdUsers","Extern AD-gebruikerssnapshot; breed klantbroncontract en geen eigendom van UAM.","External source contract","225","CompoundIdentitySupported","varchar(max)","True","","","","15130","515","3.4","0","0","0","0","0","0","0","0","persoons-/gebruiksgegeven","extern bronveld","broncontract configureren","Niet als UAM-eigendom beoordelen; alleen projecteren wat de module werkelijk nodig heeft."
"AdUsers","Extern AD-gebruikerssnapshot; breed klantbroncontract en geen eigendom van UAM.","External source contract","226","directReports","varchar(max)","True","","","","15130","709","4.69","0","0","0","0","0","0","0","0","persoons-/gebruiksgegeven","extern bronveld","broncontract configureren","Niet als UAM-eigendom beoordelen; alleen projecteren wat de module werkelijk nodig heeft."
"AdUsers","Extern AD-gebruikerssnapshot; breed klantbroncontract en geen eigendom van UAM.","External source contract","227","internetEncoding","int","True","","","","15130","8","0.05","0","0","0","0","0","0","0","0","persoons-/gebruiksgegeven","extern bronveld","broncontract configureren","Niet als UAM-eigendom beoordelen; alleen projecteren wat de module werkelijk nodig heeft."
"AdUsers","Extern AD-gebruikerssnapshot; breed klantbroncontract en geen eigendom van UAM.","External source contract","228","protocolSettings","varchar(max)","True","","","","15130","2660","17.58","0","0","0","0","0","0","0","0","gevoelige diagnostiek/configuratie","extern bronveld","broncontract configureren","Niet als UAM-eigendom beoordelen; alleen projecteren wat de module werkelijk nodig heeft."
"AdUsers","Extern AD-gebruikerssnapshot; breed klantbroncontract en geen eigendom van UAM.","External source contract","229","publicDelegates","varchar(max)","True","","","","15130","1312","8.67","0","0","0","0","0","0","0","0","persoons-/gebruiksgegeven","extern bronveld","broncontract configureren","Niet als UAM-eigendom beoordelen; alleen projecteren wat de module werkelijk nodig heeft."
"AdUsers","Extern AD-gebruikerssnapshot; breed klantbroncontract en geen eigendom van UAM.","External source contract","230","authOrig","varchar(max)","True","","","","15130","0","0","0","0","0","0","0","0","0","0","persoons-/gebruiksgegeven","extern bronveld","broncontract configureren","Niet als UAM-eigendom beoordelen; alleen projecteren wat de module werkelijk nodig heeft."
"AdUsers","Extern AD-gebruikerssnapshot; breed klantbroncontract en geen eigendom van UAM.","External source contract","231","submissionContLength","int","True","","","","15130","1","0.01","0","0","0","0","0","0","0","0","persoons-/gebruiksgegeven","extern bronveld","broncontract configureren","Niet als UAM-eigendom beoordelen; alleen projecteren wat de module werkelijk nodig heeft."
"AdUsers","Extern AD-gebruikerssnapshot; breed klantbroncontract en geen eigendom van UAM.","External source contract","232","_rowno","int","False","IDENTITY","","","15130","15130","100","0","0","0","0","0","0","0","0","persoons-/gebruiksgegeven","extern bronveld","broncontract configureren","Niet als UAM-eigendom beoordelen; alleen projecteren wat de module werkelijk nodig heeft."
"AdUsers","Extern AD-gebruikerssnapshot; breed klantbroncontract en geen eigendom van UAM.","External source contract","233","_firstdiscovered","datetime","True","","","","15130","15130","100","0","0","0","0","0","0","0","0","persoons-/gebruiksgegeven","extern bronveld","broncontract configureren","Niet als UAM-eigendom beoordelen; alleen projecteren wat de module werkelijk nodig heeft."
"AdUsers","Extern AD-gebruikerssnapshot; breed klantbroncontract en geen eigendom van UAM.","External source contract","234","_lastdiscovered","datetime","True","","(getdate())","","15130","15130","100","0","0","0","0","0","0","0","0","persoons-/gebruiksgegeven","extern bronveld","broncontract configureren","Niet als UAM-eigendom beoordelen; alleen projecteren wat de module werkelijk nodig heeft."
"AdUsers","Extern AD-gebruikerssnapshot; breed klantbroncontract en geen eigendom van UAM.","External source contract","235","_remarks","sysname","True","","","","15130","0","0","0","0","0","0","0","0","0","0","persoons-/gebruiksgegeven","extern bronveld","broncontract configureren","Niet als UAM-eigendom beoordelen; alleen projecteren wat de module werkelijk nodig heeft."
"DeviceApplicationMatches","Koppelt URL-/procespatronen aan een applicatie- of CMDB-identificatie.","Legacy UAM","1","DeviceApplicationMatchID","int","False","IDENTITY; PK(1)","","PK_DeviceApplicationMatches","34","34","100","0","0","0","0","2","2","2","2","intern/configuratie","structureel","behouden/hermodelleren","Onderdeel van identity-, primary-key- of foreign-keystructuur."
"DeviceApplicationMatches","Koppelt URL-/procespatronen aan een applicatie- of CMDB-identificatie.","Legacy UAM","2","DeviceApplicationID","varchar(50)","True","","","","34","33","97.06","0","0","0","0","3","3","3","3","intern/configuratie","actief in code","migreren na semantische controle","Tekstuele externe applicatiesleutel zonder fysieke FK; in het nieuwe model als echte application/CMDB-relatie modelleren. Exacte codetokens: agent=0, DEV-app=0, PROD-app=3."
"DeviceApplicationMatches","Koppelt URL-/procespatronen aan een applicatie- of CMDB-identificatie.","Legacy UAM","3","DeviceApplicationDomainExpression","varchar(100)","True","","","","34","34","100","0","0","1","1","3","3","4","4","persoons-/gebruiksgegeven","actief in code","migreren na semantische controle","Legacy patroonexpressie; nieuwe oplossing wil een expliciete URL-allowlist. Exacte codetokens: agent=0, DEV-app=1, PROD-app=3."
"DeviceApplicationMatches","Koppelt URL-/procespatronen aan een applicatie- of CMDB-identificatie.","Legacy UAM","4","DeviceApplicationProcessnameExpression","varchar(100)","True","","","","34","33","97.06","0","0","1","1","3","3","4","4","persoons-/gebruiksgegeven","actief in code","migreren na semantische controle","Legacy patroonexpressie; nieuwe oplossing wil een expliciete proces-allowlist. Exacte codetokens: agent=0, DEV-app=1, PROD-app=3."
"DeviceApplicationMatches","Koppelt URL-/procespatronen aan een applicatie- of CMDB-identificatie.","Legacy UAM","5","WhenCreated","datetime","True","","(getdate())","","34","34","100","0","0","1","1","8","8","9","9","intern/configuratie","actief in code","migreren na semantische controle","Exacte codetokens: agent=0, DEV-app=1, PROD-app=8."
"DeviceApplicationMatches","Koppelt URL-/procespatronen aan een applicatie- of CMDB-identificatie.","Legacy UAM","6","Enabled","bit","True","","((1))","","34","34","100","13","22","1","5","7","13","21","40","intern/configuratie","actief in code","migreren na semantische controle","Exacte codetokens: agent=22, DEV-app=5, PROD-app=13."
"DeviceBrowserLogging","Actieve detailbuffer voor browserhistorie; periodiek naar het archief verplaatst.","Legacy UAM","1","datetimestamp","datetime","True","","(getdate())","","0","0",,"3","5","5","7","12","15","20","27","persoons-/gebruiksgegeven","actief in code","migreren na semantische controle","Exacte codetokens: agent=5, DEV-app=7, PROD-app=15."
"DeviceBrowserLogging","Actieve detailbuffer voor browserhistorie; periodiek naar het archief verplaatst.","Legacy UAM","2","computername","varchar(100)","True","","","","0","0",,"23","54","2","3","6","7","31","64","persoons-/gebruiksgegeven","actief in code","migreren na semantische controle","Exacte codetokens: agent=54, DEV-app=3, PROD-app=7."
"DeviceBrowserLogging","Actieve detailbuffer voor browserhistorie; periodiek naar het archief verplaatst.","Legacy UAM","3","username","varchar(50)","True","","","","0","0",,"26","46","15","17","26","26","67","89","persoons-/gebruiksgegeven","actief in code","migreren na semantische controle","Exacte codetokens: agent=46, DEV-app=17, PROD-app=26."
"DeviceBrowserLogging","Actieve detailbuffer voor browserhistorie; periodiek naar het archief verplaatst.","Legacy UAM","4","userdomain","varchar(50)","True","","","","0","0",,"21","50","2","2","5","5","28","57","persoons-/gebruiksgegeven","actief in code","migreren na semantische controle","Exacte codetokens: agent=50, DEV-app=2, PROD-app=5."
"DeviceBrowserLogging","Actieve detailbuffer voor browserhistorie; periodiek naar het archief verplaatst.","Legacy UAM","5","browser","varchar(20)","True","","","","0","0",,"3","21","0","5","2","7","5","33","persoons-/gebruiksgegeven","actief in code","migreren na semantische controle","Exacte codetokens: agent=21, DEV-app=5, PROD-app=7."
"DeviceBrowserLogging","Actieve detailbuffer voor browserhistorie; periodiek naar het archief verplaatst.","Legacy UAM","6","datetime","datetime2(7)","True","","","","0","0",,"66","73","2","2","17","17","85","92","persoons-/gebruiksgegeven","actief in code","migreren na semantische controle","Exacte codetokens: agent=73, DEV-app=2, PROD-app=17."
"DeviceBrowserLogging","Actieve detailbuffer voor browserhistorie; periodiek naar het archief verplaatst.","Legacy UAM","7","domain","varchar(2000)","True","","","","0","0",,"6","9","7","12","9","14","22","35","persoons-/gebruiksgegeven","actief in code","migreren na semantische controle","Exacte codetokens: agent=9, DEV-app=12, PROD-app=14."
"DeviceBrowserLogging","Actieve detailbuffer voor browserhistorie; periodiek naar het archief verplaatst.","Legacy UAM","8","url","varchar(2000)","True","","","","0","0",,"17","21","1","2","3","4","21","27","persoons-/gebruiksgegeven","actief in code","migreren na semantische controle","Volledige URL kan querystrings, documentnamen of andere gevoelige inhoud bevatten; minimaliseren vóór ingestie. Exacte codetokens: agent=21, DEV-app=2, PROD-app=4."
"DeviceBrowserLogging_Archive","Historisch browsergebruik en grootste legacy UAM-feitentabel.","Legacy UAM","1","datetimestamp","datetime","True","","","","2474721","2474721","100","3","5","5","7","12","15","20","27","persoons-/gebruiksgegeven","actief in code","migreren na semantische controle","Exacte codetokens: agent=5, DEV-app=7, PROD-app=15."
"DeviceBrowserLogging_Archive","Historisch browsergebruik en grootste legacy UAM-feitentabel.","Legacy UAM","2","computername","varchar(100)","True","","","","2474721","2474721","100","23","54","2","3","6","7","31","64","persoons-/gebruiksgegeven","actief in code","migreren na semantische controle","Exacte codetokens: agent=54, DEV-app=3, PROD-app=7."
"DeviceBrowserLogging_Archive","Historisch browsergebruik en grootste legacy UAM-feitentabel.","Legacy UAM","3","username","varchar(50)","True","","","IX_DeviceBrowserLogging_Archive_username","2474721","2474721","100","26","46","15","17","26","26","67","89","persoons-/gebruiksgegeven","actief in code","migreren na semantische controle","Exacte codetokens: agent=46, DEV-app=17, PROD-app=26."
"DeviceBrowserLogging_Archive","Historisch browsergebruik en grootste legacy UAM-feitentabel.","Legacy UAM","4","userdomain","varchar(50)","True","","","","2474721","2474721","100","21","50","2","2","5","5","28","57","persoons-/gebruiksgegeven","actief in code","migreren na semantische controle","Exacte codetokens: agent=50, DEV-app=2, PROD-app=5."
"DeviceBrowserLogging_Archive","Historisch browsergebruik en grootste legacy UAM-feitentabel.","Legacy UAM","5","browser","varchar(20)","True","","","","2474721","2474721","100","3","21","0","5","2","7","5","33","persoons-/gebruiksgegeven","actief in code","migreren na semantische controle","Exacte codetokens: agent=21, DEV-app=5, PROD-app=7."
"DeviceBrowserLogging_Archive","Historisch browsergebruik en grootste legacy UAM-feitentabel.","Legacy UAM","6","datetime","datetime2(7)","True","","","","2474721","2474721","100","66","73","2","2","17","17","85","92","persoons-/gebruiksgegeven","actief in code","migreren na semantische controle","Exacte codetokens: agent=73, DEV-app=2, PROD-app=17."
"DeviceBrowserLogging_Archive","Historisch browsergebruik en grootste legacy UAM-feitentabel.","Legacy UAM","7","domain","varchar(2000)","True","","","IX_DeviceBrowserLogging_Archive_username","2474721","2474721","100","6","9","7","12","9","14","22","35","persoons-/gebruiksgegeven","actief in code","migreren na semantische controle","Exacte codetokens: agent=9, DEV-app=12, PROD-app=14."
"DeviceBrowserLogging_Archive","Historisch browsergebruik en grootste legacy UAM-feitentabel.","Legacy UAM","8","url","varchar(2000)","True","","","","2474721","2474721","100","17","21","1","2","3","4","21","27","persoons-/gebruiksgegeven","actief in code","migreren na semantische controle","Exacte codetokens: agent=21, DEV-app=2, PROD-app=4."
"DeviceBrowserLogging2Exclude","Legacy uitsluitlijst voor browserdomeinen en URL-patronen.","Legacy UAM","1","DeviceBrowserLogging2ExcludeID","int","False","IDENTITY; PK(1)","","PK_DeviceBrowserLogging2Exclude","4236","4236","100","0","0","0","0","2","2","2","2","persoons-/gebruiksgegeven","structureel","behouden/hermodelleren","Onderdeel van identity-, primary-key- of foreign-keystructuur."
"DeviceBrowserLogging2Exclude","Legacy uitsluitlijst voor browserdomeinen en URL-patronen.","Legacy UAM","2","DomainExpression","varchar(100)","True","","","","4236","4236","100","4","4","1","1","3","3","8","8","persoons-/gebruiksgegeven","actief in code","migreren na semantische controle","Exacte codetokens: agent=4, DEV-app=1, PROD-app=3."
"DeviceBrowserLogging2Exclude","Legacy uitsluitlijst voor browserdomeinen en URL-patronen.","Legacy UAM","3","URLexpression","varchar(500)","True","","","","4236","5","0.12","4","4","1","1","3","3","8","8","persoons-/gebruiksgegeven","actief in code","migreren na semantische controle","Exacte codetokens: agent=4, DEV-app=1, PROD-app=3."
"DeviceBrowserLogging2Exclude","Legacy uitsluitlijst voor browserdomeinen en URL-patronen.","Legacy UAM","4","Description","varchar(100)","True","","","","4236","4231","99.88","4","5","2","2","2","2","8","9","persoons-/gebruiksgegeven","actief in code","migreren na semantische controle","Exacte codetokens: agent=5, DEV-app=2, PROD-app=2."
"DeviceBrowserLogging2Exclude","Legacy uitsluitlijst voor browserdomeinen en URL-patronen.","Legacy UAM","5","Group","varchar(50)","True","","","","4236","4231","99.88","7","24","0","9","0","9","7","42","persoons-/gebruiksgegeven","actief in code","migreren na semantische controle","Exacte codetokens: agent=24, DEV-app=9, PROD-app=9."
"DeviceBrowserLogging2Exclude","Legacy uitsluitlijst voor browserdomeinen en URL-patronen.","Legacy UAM","6","Remarks","varchar(200)","True","","","","4236","0","0","0","0","0","0","0","0","0","0","persoons-/gebruiksgegeven","kandidaat vervallen","review vóór verwijderen","In productie nooit gevuld en geen exacte codeverwijzing aangetroffen."
"DeviceBrowserLogging2Exclude","Legacy uitsluitlijst voor browserdomeinen en URL-patronen.","Legacy UAM","7","CreateDate","datetime","True","","(getdate())","","4236","4236","100","0","0","0","0","0","0","0","0","persoons-/gebruiksgegeven","data aanwezig, codegebruik niet aangetroffen","herkomst/consument verifiëren","Productiedata aanwezig; dynamisch SQL of een externe consument kan statische codezoeking omzeilen."
"DeviceBrowserLogging2Exclude","Legacy uitsluitlijst voor browserdomeinen en URL-patronen.","Legacy UAM","8","CreateBy","varchar(50)","True","","(suser_sname())","","4236","4231","99.88","0","0","0","0","0","0","0","0","persoons-/gebruiksgegeven","data aanwezig, codegebruik niet aangetroffen","herkomst/consument verifiëren","Productiedata aanwezig; dynamisch SQL of een externe consument kan statische codezoeking omzeilen."
"DeviceBrowserLogging2Exclude","Legacy uitsluitlijst voor browserdomeinen en URL-patronen.","Legacy UAM","9","Enabled","bit","True","","((1))","","4236","4236","100","13","22","1","5","7","13","21","40","persoons-/gebruiksgegeven","actief in code","migreren na semantische controle","Exacte codetokens: agent=22, DEV-app=5, PROD-app=13."
"DeviceLoggingErrors","Agentdiagnostiek, foutdetails en uitvoeringscontext.","Legacy UAM","1","DatetimeStamp","datetime","True","","","","10278","10278","100","3","5","5","7","12","15","20","27","persoons-/gebruiksgegeven","actief in code","migreren na semantische controle","Exacte codetokens: agent=5, DEV-app=7, PROD-app=15."
"DeviceLoggingErrors","Agentdiagnostiek, foutdetails en uitvoeringscontext.","Legacy UAM","2","Computername","varchar(128)","True","","","","10278","10278","100","23","54","2","3","6","7","31","64","persoons-/gebruiksgegeven","actief in code","migreren na semantische controle","Exacte codetokens: agent=54, DEV-app=3, PROD-app=7."
"DeviceLoggingErrors","Agentdiagnostiek, foutdetails en uitvoeringscontext.","Legacy UAM","3","UserName","varchar(128)","True","","","","10278","10278","100","26","46","15","17","26","26","67","89","persoons-/gebruiksgegeven","actief in code","migreren na semantische controle","Exacte codetokens: agent=46, DEV-app=17, PROD-app=26."
"DeviceLoggingErrors","Agentdiagnostiek, foutdetails en uitvoeringscontext.","Legacy UAM","4","UserDNSDomain","varchar(128)","True","","","","10278","10278","100","1","6","1","1","1","1","3","8","persoons-/gebruiksgegeven","actief in code","migreren na semantische controle","Exacte codetokens: agent=6, DEV-app=1, PROD-app=1."
"DeviceLoggingErrors","Agentdiagnostiek, foutdetails en uitvoeringscontext.","Legacy UAM","5","LogLevel","varchar(15)","True","","","","10278","10254","99.77","3","35","1","1","1","1","5","37","persoons-/gebruiksgegeven","actief in code","migreren na semantische controle","Exacte codetokens: agent=35, DEV-app=1, PROD-app=1."
"DeviceLoggingErrors","Agentdiagnostiek, foutdetails en uitvoeringscontext.","Legacy UAM","6","ErrorMessage","varchar(max)","True","","","","10278","10278","100","1","29","1","1","1","1","3","31","gevoelige diagnostiek/configuratie","actief in code","migreren na semantische controle","Exacte codetokens: agent=29, DEV-app=1, PROD-app=1."
"DeviceLoggingErrors","Agentdiagnostiek, foutdetails en uitvoeringscontext.","Legacy UAM","7","Script","varchar(1000)","True","","","","10278","10278","100","5","29","2","21","2","8","9","58","persoons-/gebruiksgegeven","actief in code","migreren na semantische controle","Exacte codetokens: agent=29, DEV-app=21, PROD-app=8."
"DeviceLoggingErrors","Agentdiagnostiek, foutdetails en uitvoeringscontext.","Legacy UAM","8","Line","int","True","","","","10278","10278","100","6","21","1","1","1","1","8","23","persoons-/gebruiksgegeven","actief in code","migreren na semantische controle","Exacte codetokens: agent=21, DEV-app=1, PROD-app=1."
"DeviceLoggingErrors","Agentdiagnostiek, foutdetails en uitvoeringscontext.","Legacy UAM","9","Position","int","True","","","","10278","10278","100","3","16","1","13","1","12","5","41","persoons-/gebruiksgegeven","actief in code","migreren na semantische controle","Exacte codetokens: agent=16, DEV-app=13, PROD-app=12."
"DeviceLoggingErrors","Agentdiagnostiek, foutdetails en uitvoeringscontext.","Legacy UAM","10","CallStack","varchar(max)","True","","","","10278","10278","100","5","17","1","1","1","1","7","19","gevoelige diagnostiek/configuratie","actief in code","migreren na semantische controle","Exacte codetokens: agent=17, DEV-app=1, PROD-app=1."
"DeviceLoggingErrors","Agentdiagnostiek, foutdetails en uitvoeringscontext.","Legacy UAM","11","uam_commandline","varchar(250)","True","","","","10278","10254","99.77","0","1","1","1","1","1","2","3","gevoelige diagnostiek/configuratie","actief in code","migreren na semantische controle","Commandline kan paden, parameters of gevoelige waarden bevatten; standaard redigeren. Exacte codetokens: agent=1, DEV-app=1, PROD-app=1."
"DeviceLoggingErrors","Agentdiagnostiek, foutdetails en uitvoeringscontext.","Legacy UAM","12","UAM_CreationDate","datetime","True","","","","10278","10254","99.77","0","1","1","1","1","1","2","3","persoons-/gebruiksgegeven","actief in code","migreren na semantische controle","Exacte codetokens: agent=1, DEV-app=1, PROD-app=1."
"DeviceLoggingErrors","Agentdiagnostiek, foutdetails en uitvoeringscontext.","Legacy UAM","13","UAM_Version","varchar(20)","True","","","","10278","0","0","0","0","1","1","1","1","2","2","persoons-/gebruiksgegeven","codegebruik, productie leeg","migreren na semantische controle","Exacte codetokens: agent=0, DEV-app=1, PROD-app=1."
"DeviceLoggingErrors","Agentdiagnostiek, foutdetails en uitvoeringscontext.","Legacy UAM","14","UAM_Settings","varchar(1000)","True","","","","10278","0","0","0","0","1","1","1","1","2","2","gevoelige diagnostiek/configuratie","codegebruik, productie leeg","migreren na semantische controle","Diagnostische settingsnapshot; voorkom secrets en pas veldniveau-redactie toe. Exacte codetokens: agent=0, DEV-app=1, PROD-app=1."
"DeviceLoggingErrors","Agentdiagnostiek, foutdetails en uitvoeringscontext.","Legacy UAM","15","WindowsVersion","varchar(50)","True","","","","10278","10254","99.77","2","4","1","1","1","1","4","6","persoons-/gebruiksgegeven","actief in code","migreren na semantische controle","Exacte codetokens: agent=4, DEV-app=1, PROD-app=1."
"DeviceLoggingSettings","Globale key/value-instellingen die de agent bij starten inleest.","Legacy UAM","1","Setting_code","varchar(100)","False","PK(1)","","PK_DeviceLoggingSettings2","33","33","100","14","14","0","0","3","3","17","17","persoons-/gebruiksgegeven","structureel","behouden/hermodelleren","Onderdeel van identity-, primary-key- of foreign-keystructuur."
"DeviceLoggingSettings","Globale key/value-instellingen die de agent bij starten inleest.","Legacy UAM","2","Setting_Description_short","varchar(128)","True","","","","33","29","87.88","0","0","0","0","3","3","3","3","persoons-/gebruiksgegeven","actief in code","migreren na semantische controle","Exacte codetokens: agent=0, DEV-app=0, PROD-app=3."
"DeviceLoggingSettings","Globale key/value-instellingen die de agent bij starten inleest.","Legacy UAM","3","Setting_Description_long","nvarchar(1000)","True","","","","33","16","48.48","0","0","0","0","1","1","1","1","persoons-/gebruiksgegeven","actief in code","migreren na semantische controle","Exacte codetokens: agent=0, DEV-app=0, PROD-app=1."
"DeviceLoggingSettings","Globale key/value-instellingen die de agent bij starten inleest.","Legacy UAM","4","Setting_Group","varchar(30)","True","","","","33","33","100","0","0","1","1","2","2","3","3","persoons-/gebruiksgegeven","actief in code","migreren na semantische controle","Exacte codetokens: agent=0, DEV-app=1, PROD-app=2."
"DeviceLoggingSettings","Globale key/value-instellingen die de agent bij starten inleest.","Legacy UAM","5","Setting_Value","varchar(max)","True","","","","33","33","100","3","3","0","0","2","2","5","5","persoons-/gebruiksgegeven","actief in code","migreren na semantische controle","Exacte codetokens: agent=3, DEV-app=0, PROD-app=2."
"DeviceLoggingSettings","Globale key/value-instellingen die de agent bij starten inleest.","Legacy UAM","6","Setting_measurement_unit","varchar(50)","True","","","","33","10","30.3","0","0","0","0","1","1","1","1","persoons-/gebruiksgegeven","actief in code","migreren na semantische controle","Exacte codetokens: agent=0, DEV-app=0, PROD-app=1."
"DeviceLoggingSettings","Globale key/value-instellingen die de agent bij starten inleest.","Legacy UAM","7","Setting_ValueType","varchar(20)","True","","","","33","33","100","6","6","0","0","0","0","6","6","persoons-/gebruiksgegeven","actief in code","migreren na semantische controle","Exacte codetokens: agent=6, DEV-app=0, PROD-app=0."
"DeviceLoggingSettings","Globale key/value-instellingen die de agent bij starten inleest.","Legacy UAM","8","Setting_Enabled","bit","True","","((1))","","33","33","100","1","2","0","0","3","3","4","5","persoons-/gebruiksgegeven","actief in code","migreren na semantische controle","Exacte codetokens: agent=2, DEV-app=0, PROD-app=3."
"DeviceLoggingUserAdGroupMembers","Materiële selectie/koppeling van te loggen gebruikers en AD-groepen.","Legacy UAM","1","DeviceLoggingUserAdGroupMemberID","int","False","IDENTITY","","","115","115","100","0","0","0","0","0","0","0","0","persoons-/gebruiksgegeven","structureel","behouden/hermodelleren","Onderdeel van identity-, primary-key- of foreign-keystructuur."
"DeviceLoggingUserAdGroupMembers","Materiële selectie/koppeling van te loggen gebruikers en AD-groepen.","Legacy UAM","2","UserName","varchar(100)","True","","","","115","115","100","26","46","15","17","26","26","67","89","persoons-/gebruiksgegeven","actief in code","migreren na semantische controle","Exacte codetokens: agent=46, DEV-app=17, PROD-app=26."
"DeviceLoggingUserAdGroupMembers","Materiële selectie/koppeling van te loggen gebruikers en AD-groepen.","Legacy UAM","3","AdUser_ObjectGuid","uniqueidentifier","True","","","","115","0","0","0","0","1","1","1","1","2","2","persoons-/gebruiksgegeven","codegebruik, productie leeg","migreren na semantische controle","Exacte codetokens: agent=0, DEV-app=1, PROD-app=1."
"DeviceLoggingUserAdGroupMembers","Materiële selectie/koppeling van te loggen gebruikers en AD-groepen.","Legacy UAM","4","AdGroup_ObjectGuid","uniqueidentifier","True","","","","115","115","100","0","0","1","3","1","3","2","6","persoons-/gebruiksgegeven","actief in code","migreren na semantische controle","Exacte codetokens: agent=0, DEV-app=3, PROD-app=3."
"DeviceLoggingUserAdGroupMembers","Materiële selectie/koppeling van te loggen gebruikers en AD-groepen.","Legacy UAM","5","WhenCreated","datetime","True","","(getdate())","","115","115","100","0","0","1","1","8","8","9","9","persoons-/gebruiksgegeven","actief in code","migreren na semantische controle","Exacte codetokens: agent=0, DEV-app=1, PROD-app=8."
"DeviceLoggingUsers","Per gebruiker/apparaat de agentstatus, versie en taakcheckpoints.","Legacy UAM","1","LoggingUserID","int","False","IDENTITY; PK(1)","","PK_DeviceLoggingUsers","285","285","100","1","1","2","9","2","9","5","19","persoons-/gebruiksgegeven","structureel","behouden/hermodelleren","Onderdeel van identity-, primary-key- of foreign-keystructuur."
"DeviceLoggingUsers","Per gebruiker/apparaat de agentstatus, versie en taakcheckpoints.","Legacy UAM","2","username","varchar(50)","True","","","","285","285","100","26","46","15","17","26","26","67","89","persoons-/gebruiksgegeven","actief in code","migreren na semantische controle","Exacte codetokens: agent=46, DEV-app=17, PROD-app=26."
"DeviceLoggingUsers","Per gebruiker/apparaat de agentstatus, versie en taakcheckpoints.","Legacy UAM","3","userdomain","varchar(50)","True","","","","285","285","100","21","50","2","2","5","5","28","57","persoons-/gebruiksgegeven","actief in code","migreren na semantische controle","Exacte codetokens: agent=50, DEV-app=2, PROD-app=5."
"DeviceLoggingUsers","Per gebruiker/apparaat de agentstatus, versie en taakcheckpoints.","Legacy UAM","4","computername","varchar(100)","True","","","","285","285","100","23","54","2","3","6","7","31","64","persoons-/gebruiksgegeven","actief in code","migreren na semantische controle","Exacte codetokens: agent=54, DEV-app=3, PROD-app=7."
"DeviceLoggingUsers","Per gebruiker/apparaat de agentstatus, versie en taakcheckpoints.","Legacy UAM","5","NonpersistentComputer","bit","True","","","","285","91","31.93","3","3","3","4","3","4","9","11","persoons-/gebruiksgegeven","actief in code","migreren na semantische controle","Exacte codetokens: agent=3, DEV-app=4, PROD-app=4."
"DeviceLoggingUsers","Per gebruiker/apparaat de agentstatus, versie en taakcheckpoints.","Legacy UAM","6","startlogging","bit","True","","","","285","285","100","6","33","3","8","3","8","12","49","persoons-/gebruiksgegeven","actief in code","migreren na semantische controle","Exacte codetokens: agent=33, DEV-app=8, PROD-app=8."
"DeviceLoggingUsers","Per gebruiker/apparaat de agentstatus, versie en taakcheckpoints.","Legacy UAM","7","LastWindowsProcessesLogDateTime","datetime2(7)","True","","","","285","229","80.35","1","1","1","1","1","1","3","3","persoons-/gebruiksgegeven","actief in code","migreren na semantische controle","Ouder taakspecifiek checkpoint; overlapt met LastProcessLogDateTime. Exacte codetokens: agent=1, DEV-app=1, PROD-app=1."
"DeviceLoggingUsers","Per gebruiker/apparaat de agentstatus, versie en taakcheckpoints.","Legacy UAM","8","LastRecentFilesLogDateTime","datetime2(7)","True","","","","285","214","75.09","1","1","1","1","1","1","3","3","persoons-/gebruiksgegeven","actief in code","migreren na semantische controle","Ouder taakspecifiek checkpoint; overlapt met LastRecentFilesAndFoldersDateTime. Exacte codetokens: agent=1, DEV-app=1, PROD-app=1."
"DeviceLoggingUsers","Per gebruiker/apparaat de agentstatus, versie en taakcheckpoints.","Legacy UAM","9","LastBrowserEdgeLogDateTime","datetime2(7)","True","","","","285","254","89.12","0","0","1","1","1","1","2","2","persoons-/gebruiksgegeven","actief in code","migreren na semantische controle","Browserspecifiek checkpoint; overlapt met het latere geconsolideerde LastBrowserLogDateTime. Exacte codetokens: agent=0, DEV-app=1, PROD-app=1."
"DeviceLoggingUsers","Per gebruiker/apparaat de agentstatus, versie en taakcheckpoints.","Legacy UAM","10","LastBrowserFireFoxLogDateTime","datetime2(7)","True","","","","285","116","40.7","0","0","1","1","1","1","2","2","persoons-/gebruiksgegeven","actief in code","migreren na semantische controle","Browserspecifiek checkpoint; overlapt met het latere geconsolideerde LastBrowserLogDateTime. Exacte codetokens: agent=0, DEV-app=1, PROD-app=1."
"DeviceLoggingUsers","Per gebruiker/apparaat de agentstatus, versie en taakcheckpoints.","Legacy UAM","11","LastBrowserChromeLogDateTime","datetime2(7)","True","","","","285","254","89.12","0","0","1","1","1","1","2","2","persoons-/gebruiksgegeven","actief in code","migreren na semantische controle","Browserspecifiek checkpoint; overlapt met het latere geconsolideerde LastBrowserLogDateTime. Exacte codetokens: agent=0, DEV-app=1, PROD-app=1."
"DeviceLoggingUsers","Per gebruiker/apparaat de agentstatus, versie en taakcheckpoints.","Legacy UAM","12","LoggingStartedDateTime","datetime2(7)","True","","","","285","1","0.35","0","0","0","0","0","0","0","0","persoons-/gebruiksgegeven","data aanwezig, codegebruik niet aangetroffen","herkomst/consument verifiëren","Productiedata aanwezig; dynamisch SQL of een externe consument kan statische codezoeking omzeilen."
"DeviceLoggingUsers","Per gebruiker/apparaat de agentstatus, versie en taakcheckpoints.","Legacy UAM","13","LoggingStartedUAMprocessPID","int","True","","","","285","285","100","1","1","0","0","0","0","1","1","persoons-/gebruiksgegeven","actief in code","migreren na semantische controle","Exacte codetokens: agent=1, DEV-app=0, PROD-app=0."
"DeviceLoggingUsers","Per gebruiker/apparaat de agentstatus, versie en taakcheckpoints.","Legacy UAM","14","LoggingEndedDateTime","datetime2(7)","True","","","","285","1","0.35","1","1","0","0","0","0","1","1","persoons-/gebruiksgegeven","actief in code","migreren na semantische controle","Exacte codetokens: agent=1, DEV-app=0, PROD-app=0."
"DeviceLoggingUsers","Per gebruiker/apparaat de agentstatus, versie en taakcheckpoints.","Legacy UAM","15","LoggingStatus","varchar(20)","True","","","","285","1","0.35","1","1","0","0","0","0","1","1","persoons-/gebruiksgegeven","actief in code","migreren na semantische controle","Exacte codetokens: agent=1, DEV-app=0, PROD-app=0."
"DeviceLoggingUsers","Per gebruiker/apparaat de agentstatus, versie en taakcheckpoints.","Legacy UAM","16","whencreated","datetime","True","","(getdate())","","285","285","100","0","0","1","1","8","8","9","9","persoons-/gebruiksgegeven","actief in code","migreren na semantische controle","Exacte codetokens: agent=0, DEV-app=1, PROD-app=8."
"DeviceLoggingUsers","Per gebruiker/apparaat de agentstatus, versie en taakcheckpoints.","Legacy UAM","17","lastlogon","datetime","True","","","","285","285","100","1","1","1","1","1","1","3","3","persoons-/gebruiksgegeven","actief in code","migreren na semantische controle","Exacte codetokens: agent=1, DEV-app=1, PROD-app=1."
"DeviceLoggingUsers","Per gebruiker/apparaat de agentstatus, versie en taakcheckpoints.","Legacy UAM","18","UAMProcessName","varchar(100)","True","","","","285","285","100","1","1","0","0","0","0","1","1","persoons-/gebruiksgegeven","actief in code","migreren na semantische controle","Exacte codetokens: agent=1, DEV-app=0, PROD-app=0."
"DeviceLoggingUsers","Per gebruiker/apparaat de agentstatus, versie en taakcheckpoints.","Legacy UAM","19","UAMVersion","varchar(200)","True","","","","285","285","100","1","1","0","1","0","1","1","3","persoons-/gebruiksgegeven","actief in code","migreren na semantische controle","Exacte codetokens: agent=1, DEV-app=1, PROD-app=1."
"DeviceLoggingUsers","Per gebruiker/apparaat de agentstatus, versie en taakcheckpoints.","Legacy UAM","20","UAMCreated","datetime","True","","","","285","285","100","2","2","0","0","0","0","2","2","persoons-/gebruiksgegeven","actief in code","migreren na semantische controle","Exacte codetokens: agent=2, DEV-app=0, PROD-app=0."
"DeviceLoggingUsers","Per gebruiker/apparaat de agentstatus, versie en taakcheckpoints.","Legacy UAM","21","UAMInstallDate","datetime","True","","","","285","284","99.65","1","1","0","1","0","1","1","3","persoons-/gebruiksgegeven","actief in code","migreren na semantische controle","Exacte codetokens: agent=1, DEV-app=1, PROD-app=1."
"DeviceLoggingUsers","Per gebruiker/apparaat de agentstatus, versie en taakcheckpoints.","Legacy UAM","22","UAMStartedElevated","bit","True","","","","285","283","99.3","1","7","0","0","0","0","1","7","persoons-/gebruiksgegeven","actief in code","migreren na semantische controle","Exacte codetokens: agent=7, DEV-app=0, PROD-app=0."
"DeviceLoggingUsers","Per gebruiker/apparaat de agentstatus, versie en taakcheckpoints.","Legacy UAM","23","UAMStartupDateTime","datetime","True","","","","285","284","99.65","1","1","0","0","0","0","1","1","persoons-/gebruiksgegeven","actief in code","migreren na semantische controle","Exacte codetokens: agent=1, DEV-app=0, PROD-app=0."
"DeviceLoggingUsers","Per gebruiker/apparaat de agentstatus, versie en taakcheckpoints.","Legacy UAM","24","UAMShutdownDateTime","datetime","True","","","","285","79","27.72","2","2","0","0","0","0","2","2","persoons-/gebruiksgegeven","actief in code","migreren na semantische controle","Exacte codetokens: agent=2, DEV-app=0, PROD-app=0."
"DeviceLoggingUsers","Per gebruiker/apparaat de agentstatus, versie en taakcheckpoints.","Legacy UAM","25","UAMprocessMaxMemoryMB","float","True","","","","285","285","100","5","6","0","1","0","1","5","8","persoons-/gebruiksgegeven","actief in code","migreren na semantische controle","Legacy self-protection voor de monolithische PowerShell-agent; opnieuw beoordelen voor de kleine C# worker. Exacte codetokens: agent=6, DEV-app=1, PROD-app=1."
"DeviceLoggingUsers","Per gebruiker/apparaat de agentstatus, versie en taakcheckpoints.","Legacy UAM","26","UAMprocessLastMemoryMB","float","True","","","","285","1","0.35","1","1","0","0","0","0","1","1","persoons-/gebruiksgegeven","actief in code","migreren na semantische controle","Legacy memorytelemetrie; in C# liever gestandaardiseerde metrics/observability. Exacte codetokens: agent=1, DEV-app=0, PROD-app=0."
"DeviceLoggingUsers","Per gebruiker/apparaat de agentstatus, versie en taakcheckpoints.","Legacy UAM","27","CsVPath","varchar(200)","True","","","","285","285","100","1","43","0","0","0","0","1","43","persoons-/gebruiksgegeven","actief in code","migreren na semantische controle","Verwijst naar de legacy CSV met complete SQL-statements; vervangen door de SQLite-outbox. Exacte codetokens: agent=43, DEV-app=0, PROD-app=0."
"DeviceLoggingUsers","Per gebruiker/apparaat de agentstatus, versie en taakcheckpoints.","Legacy UAM","28","LastProcessLogDateTime","datetime2(7)","True","","","","285","2","0.7","1","1","0","0","0","0","1","1","persoons-/gebruiksgegeven","actief in code","migreren na semantische controle","Exacte codetokens: agent=1, DEV-app=0, PROD-app=0."
"DeviceLoggingUsers","Per gebruiker/apparaat de agentstatus, versie en taakcheckpoints.","Legacy UAM","29","LastBrowserLogDateTime","datetime2(7)","True","","","","285","1","0.35","1","1","0","0","0","0","1","1","persoons-/gebruiksgegeven","actief in code","migreren na semantische controle","Exacte codetokens: agent=1, DEV-app=0, PROD-app=0."
"DeviceLoggingUsers","Per gebruiker/apparaat de agentstatus, versie en taakcheckpoints.","Legacy UAM","30","LastRecentFilesAndFoldersDateTime","datetime2(7)","True","","","","285","1","0.35","1","1","0","0","0","0","1","1","persoons-/gebruiksgegeven","actief in code","migreren na semantische controle","Exacte codetokens: agent=1, DEV-app=0, PROD-app=0."
"DeviceLoggingUserSettings","Afwijkende instellingen per gebruiker/apparaat.","Legacy UAM","1","DeviceLoggingUserSettingID","int","False","IDENTITY; PK(1)","","PK__DeviceLo__37B513C4E8C63330","8","8","100","0","0","0","0","0","0","0","0","persoons-/gebruiksgegeven","structureel","behouden/hermodelleren","Onderdeel van identity-, primary-key- of foreign-keystructuur."
"DeviceLoggingUserSettings","Afwijkende instellingen per gebruiker/apparaat.","Legacy UAM","2","username","varchar(50)","False","","","","8","8","100","26","46","15","17","26","26","67","89","persoons-/gebruiksgegeven","actief in code","migreren na semantische controle","Exacte codetokens: agent=46, DEV-app=17, PROD-app=26."
"DeviceLoggingUserSettings","Afwijkende instellingen per gebruiker/apparaat.","Legacy UAM","3","userdomain","varchar(50)","True","","","","8","8","100","21","50","2","2","5","5","28","57","persoons-/gebruiksgegeven","actief in code","migreren na semantische controle","Exacte codetokens: agent=50, DEV-app=2, PROD-app=5."
"DeviceLoggingUserSettings","Afwijkende instellingen per gebruiker/apparaat.","Legacy UAM","4","computername","varchar(100)","True","","","","8","0","0","23","54","2","3","6","7","31","64","persoons-/gebruiksgegeven","codegebruik, productie leeg","migreren na semantische controle","Exacte codetokens: agent=54, DEV-app=3, PROD-app=7."
"DeviceLoggingUserSettings","Afwijkende instellingen per gebruiker/apparaat.","Legacy UAM","5","Setting_code","varchar(100)","False","","","","8","8","100","14","14","0","0","3","3","17","17","persoons-/gebruiksgegeven","actief in code","migreren na semantische controle","Exacte codetokens: agent=14, DEV-app=0, PROD-app=3."
"DeviceLoggingUserSettings","Afwijkende instellingen per gebruiker/apparaat.","Legacy UAM","6","Setting_Value","varchar(max)","False","","","","8","8","100","3","3","0","0","2","2","5","5","persoons-/gebruiksgegeven","actief in code","migreren na semantische controle","Exacte codetokens: agent=3, DEV-app=0, PROD-app=2."
"DeviceLoggingUserSettings","Afwijkende instellingen per gebruiker/apparaat.","Legacy UAM","7","Setting_Enabled","bit","True","","((1))","","8","8","100","1","2","0","0","3","3","4","5","persoons-/gebruiksgegeven","actief in code","migreren na semantische controle","Exacte codetokens: agent=2, DEV-app=0, PROD-app=3."
"DeviceLoggingUserSettings","Afwijkende instellingen per gebruiker/apparaat.","Legacy UAM","8","Setting_ValueType","varchar(50)","True","","","","8","0","0","6","6","0","0","0","0","6","6","persoons-/gebruiksgegeven","codegebruik, productie leeg","migreren na semantische controle","Exacte codetokens: agent=6, DEV-app=0, PROD-app=0."
"DeviceProcess2Exclude","Legacy uitsluitlijst voor procesnamen/paden.","Legacy UAM","1","Process2ExcludeID","int","False","IDENTITY; PK(1)","","PK_DeviceProcess2Exclude","304","304","100","0","0","0","0","2","2","2","2","intern/configuratie","structureel","behouden/hermodelleren","Onderdeel van identity-, primary-key- of foreign-keystructuur."
"DeviceProcess2Exclude","Legacy uitsluitlijst voor procesnamen/paden.","Legacy UAM","2","Processname","varchar(500)","True","","","","304","304","100","18","38","10","11","14","15","42","64","persoons-/gebruiksgegeven","actief in code","migreren na semantische controle","Exacte codetokens: agent=38, DEV-app=11, PROD-app=15."
"DeviceProcess2Exclude","Legacy uitsluitlijst voor procesnamen/paden.","Legacy UAM","3","ProcessnameExpression","varchar(500)","True","","","","304","304","100","3","3","2","2","4","4","9","9","persoons-/gebruiksgegeven","actief in code","migreren na semantische controle","Exacte codetokens: agent=3, DEV-app=2, PROD-app=4."
"DeviceProcess2Exclude","Legacy uitsluitlijst voor procesnamen/paden.","Legacy UAM","4","FullpathExecutable","varchar(500)","True","","","","304","244","80.26","15","18","9","9","11","11","35","38","persoons-/gebruiksgegeven","actief in code","migreren na semantische controle","Exacte codetokens: agent=18, DEV-app=9, PROD-app=11."
"DeviceProcess2Exclude","Legacy uitsluitlijst voor procesnamen/paden.","Legacy UAM","5","FullpathExecutableExpression","varchar(500)","True","","","","304","244","80.26","4","4","2","2","4","4","10","10","persoons-/gebruiksgegeven","actief in code","migreren na semantische controle","Exacte codetokens: agent=4, DEV-app=2, PROD-app=4."
"DeviceProcess2Exclude","Legacy uitsluitlijst voor procesnamen/paden.","Legacy UAM","6","Product","varchar(500)","True","","","","304","304","100","4","7","7","7","9","9","20","23","intern/configuratie","actief in code","migreren na semantische controle","Exacte codetokens: agent=7, DEV-app=7, PROD-app=9."
"DeviceProcess2Exclude","Legacy uitsluitlijst voor procesnamen/paden.","Legacy UAM","7","ProductExpression","varchar(500)","True","","","","304","304","100","3","3","2","2","4","4","9","9","intern/configuratie","actief in code","migreren na semantische controle","Exacte codetokens: agent=3, DEV-app=2, PROD-app=4."
"DeviceProcess2Exclude","Legacy uitsluitlijst voor procesnamen/paden.","Legacy UAM","8","Company","varchar(200)","True","","","","304","302","99.34","4","7","11","11","9","9","24","27","intern/configuratie","actief in code","migreren na semantische controle","Exacte codetokens: agent=7, DEV-app=11, PROD-app=9."
"DeviceProcess2Exclude","Legacy uitsluitlijst voor procesnamen/paden.","Legacy UAM","9","CompanyExpression","varchar(200)","True","","","","304","302","99.34","3","3","2","2","4","4","9","9","intern/configuratie","actief in code","migreren na semantische controle","Exacte codetokens: agent=3, DEV-app=2, PROD-app=4."
"DeviceProcess2Exclude","Legacy uitsluitlijst voor procesnamen/paden.","Legacy UAM","10","Description","varchar(200)","True","","","","304","274","90.13","4","5","2","2","2","2","8","9","intern/configuratie","actief in code","migreren na semantische controle","Exacte codetokens: agent=5, DEV-app=2, PROD-app=2."
"DeviceProcess2Exclude","Legacy uitsluitlijst voor procesnamen/paden.","Legacy UAM","11","group","varchar(50)","True","","","","304","273","89.8","7","24","0","9","0","9","7","42","intern/configuratie","actief in code","migreren na semantische controle","Exacte codetokens: agent=24, DEV-app=9, PROD-app=9."
"DeviceProcess2Exclude","Legacy uitsluitlijst voor procesnamen/paden.","Legacy UAM","12","enabled","bit","True","","((1))","","304","304","100","13","22","1","5","7","13","21","40","intern/configuratie","actief in code","migreren na semantische controle","Exacte codetokens: agent=22, DEV-app=5, PROD-app=13."
"DeviceProcess2Exclude","Legacy uitsluitlijst voor procesnamen/paden.","Legacy UAM","13","createdate","datetime2(7)","True","","(getdate())","","304","271","89.14","0","0","0","0","0","0","0","0","intern/configuratie","data aanwezig, codegebruik niet aangetroffen","herkomst/consument verifiëren","Productiedata aanwezig; dynamisch SQL of een externe consument kan statische codezoeking omzeilen."
"DeviceProcessLogging","Actieve detailbuffer voor procesgebruik.","Legacy UAM","1","datetimestamp","datetime","True","","(getdate())","","0","0",,"3","5","5","7","12","15","20","27","persoons-/gebruiksgegeven","actief in code","migreren na semantische controle","Exacte codetokens: agent=5, DEV-app=7, PROD-app=15."
"DeviceProcessLogging","Actieve detailbuffer voor procesgebruik.","Legacy UAM","2","computername","varchar(100)","True","","","","0","0",,"23","54","2","3","6","7","31","64","persoons-/gebruiksgegeven","actief in code","migreren na semantische controle","Exacte codetokens: agent=54, DEV-app=3, PROD-app=7."
"DeviceProcessLogging","Actieve detailbuffer voor procesgebruik.","Legacy UAM","3","username","varchar(50)","True","","","","0","0",,"26","46","15","17","26","26","67","89","persoons-/gebruiksgegeven","actief in code","migreren na semantische controle","Exacte codetokens: agent=46, DEV-app=17, PROD-app=26."
"DeviceProcessLogging","Actieve detailbuffer voor procesgebruik.","Legacy UAM","4","userdomain","varchar(50)","True","","","","0","0",,"21","50","2","2","5","5","28","57","persoons-/gebruiksgegeven","actief in code","migreren na semantische controle","Exacte codetokens: agent=50, DEV-app=2, PROD-app=5."
"DeviceProcessLogging","Actieve detailbuffer voor procesgebruik.","Legacy UAM","5","starttime","datetime2(7)","True","","","","0","0",,"12","25","0","0","0","3","12","28","persoons-/gebruiksgegeven","actief in code","migreren na semantische controle","Exacte codetokens: agent=25, DEV-app=0, PROD-app=3."
"DeviceProcessLogging","Actieve detailbuffer voor procesgebruik.","Legacy UAM","6","processname","varchar(500)","True","","","","0","0",,"18","38","10","11","14","15","42","64","persoons-/gebruiksgegeven","actief in code","migreren na semantische controle","Exacte codetokens: agent=38, DEV-app=11, PROD-app=15."
"DeviceProcessLogging","Actieve detailbuffer voor procesgebruik.","Legacy UAM","7","FullpathExecutable","varchar(2000)","True","","","","0","0",,"15","18","9","9","11","11","35","38","persoons-/gebruiksgegeven","actief in code","migreren na semantische controle","Exacte codetokens: agent=18, DEV-app=9, PROD-app=11."
"DeviceProcessLogging","Actieve detailbuffer voor procesgebruik.","Legacy UAM","8","product","varchar(500)","True","","","","0","0",,"4","7","7","7","9","9","20","23","persoons-/gebruiksgegeven","actief in code","migreren na semantische controle","Exacte codetokens: agent=7, DEV-app=7, PROD-app=9."
"DeviceProcessLogging","Actieve detailbuffer voor procesgebruik.","Legacy UAM","9","company","varchar(200)","True","","","","0","0",,"4","7","11","11","9","9","24","27","persoons-/gebruiksgegeven","actief in code","migreren na semantische controle","Exacte codetokens: agent=7, DEV-app=11, PROD-app=9."
"DeviceProcessLogging_Archive","Historisch procesgebruik.","Legacy UAM","1","datetimestamp","datetime","True","","","","61747","61747","100","3","5","5","7","12","15","20","27","persoons-/gebruiksgegeven","actief in code","migreren na semantische controle","Exacte codetokens: agent=5, DEV-app=7, PROD-app=15."
"DeviceProcessLogging_Archive","Historisch procesgebruik.","Legacy UAM","2","computername","varchar(100)","True","","","","61747","61747","100","23","54","2","3","6","7","31","64","persoons-/gebruiksgegeven","actief in code","migreren na semantische controle","Exacte codetokens: agent=54, DEV-app=3, PROD-app=7."
"DeviceProcessLogging_Archive","Historisch procesgebruik.","Legacy UAM","3","username","varchar(50)","True","","","","61747","61747","100","26","46","15","17","26","26","67","89","persoons-/gebruiksgegeven","actief in code","migreren na semantische controle","Exacte codetokens: agent=46, DEV-app=17, PROD-app=26."
"DeviceProcessLogging_Archive","Historisch procesgebruik.","Legacy UAM","4","userdomain","varchar(50)","True","","","","61747","61747","100","21","50","2","2","5","5","28","57","persoons-/gebruiksgegeven","actief in code","migreren na semantische controle","Exacte codetokens: agent=50, DEV-app=2, PROD-app=5."
"DeviceProcessLogging_Archive","Historisch procesgebruik.","Legacy UAM","5","starttime","datetime2(7)","True","","","","61747","61747","100","12","25","0","0","0","3","12","28","persoons-/gebruiksgegeven","actief in code","migreren na semantische controle","Exacte codetokens: agent=25, DEV-app=0, PROD-app=3."
"DeviceProcessLogging_Archive","Historisch procesgebruik.","Legacy UAM","6","processname","varchar(500)","True","","","","61747","61747","100","18","38","10","11","14","15","42","64","persoons-/gebruiksgegeven","actief in code","migreren na semantische controle","Exacte codetokens: agent=38, DEV-app=11, PROD-app=15."
"DeviceProcessLogging_Archive","Historisch procesgebruik.","Legacy UAM","7","FullpathExecutable","varchar(2000)","True","","","","61747","50912","82.45","15","18","9","9","11","11","35","38","persoons-/gebruiksgegeven","actief in code","migreren na semantische controle","Exacte codetokens: agent=18, DEV-app=9, PROD-app=11."
"DeviceProcessLogging_Archive","Historisch procesgebruik.","Legacy UAM","8","product","varchar(500)","True","","","","61747","50912","82.45","4","7","7","7","9","9","20","23","persoons-/gebruiksgegeven","actief in code","migreren na semantische controle","Exacte codetokens: agent=7, DEV-app=7, PROD-app=9."
"DeviceProcessLogging_Archive","Historisch procesgebruik.","Legacy UAM","9","company","varchar(200)","True","","","","61747","50912","82.45","4","7","11","11","9","9","24","27","persoons-/gebruiksgegeven","actief in code","migreren na semantische controle","Exacte codetokens: agent=7, DEV-app=11, PROD-app=9."
"DeviceRecentFileAndFolderLogging","Actieve detailbuffer voor Windows Recent/Quick Access-koppelingen.","Legacy UAM","1","datetimestamp","datetime","True","","(getdate())","","0","0",,"3","5","5","7","12","15","20","27","persoons-/gebruiksgegeven","actief in code","migreren na semantische controle","Exacte codetokens: agent=5, DEV-app=7, PROD-app=15."
"DeviceRecentFileAndFolderLogging","Actieve detailbuffer voor Windows Recent/Quick Access-koppelingen.","Legacy UAM","2","computername","varchar(100)","True","","","","0","0",,"23","54","2","3","6","7","31","64","persoons-/gebruiksgegeven","actief in code","migreren na semantische controle","Exacte codetokens: agent=54, DEV-app=3, PROD-app=7."
"DeviceRecentFileAndFolderLogging","Actieve detailbuffer voor Windows Recent/Quick Access-koppelingen.","Legacy UAM","3","username","varchar(50)","True","","","","0","0",,"26","46","15","17","26","26","67","89","persoons-/gebruiksgegeven","actief in code","migreren na semantische controle","Exacte codetokens: agent=46, DEV-app=17, PROD-app=26."
"DeviceRecentFileAndFolderLogging","Actieve detailbuffer voor Windows Recent/Quick Access-koppelingen.","Legacy UAM","4","userdomain","varchar(50)","True","","","","0","0",,"21","50","2","2","5","5","28","57","persoons-/gebruiksgegeven","actief in code","migreren na semantische controle","Exacte codetokens: agent=50, DEV-app=2, PROD-app=5."
"DeviceRecentFileAndFolderLogging","Actieve detailbuffer voor Windows Recent/Quick Access-koppelingen.","Legacy UAM","5","LastWriteTime","datetime2(7)","True","","","","0","0",,"6","8","0","0","0","0","6","8","persoons-/gebruiksgegeven","actief in code","migreren na semantische controle","Exacte codetokens: agent=8, DEV-app=0, PROD-app=0."
"DeviceRecentFileAndFolderLogging","Actieve detailbuffer voor Windows Recent/Quick Access-koppelingen.","Legacy UAM","6","LnkLastOpenedDateTime","datetime2(7)","True","","","","0","0",,"1","1","0","0","0","0","1","1","persoons-/gebruiksgegeven","actief in code","migreren na semantische controle","Exacte codetokens: agent=1, DEV-app=0, PROD-app=0."
"DeviceRecentFileAndFolderLogging","Actieve detailbuffer voor Windows Recent/Quick Access-koppelingen.","Legacy UAM","7","LnkCreatedDateTime","datetime","True","","","","0","0",,"1","1","0","0","0","0","1","1","persoons-/gebruiksgegeven","actief in code","migreren na semantische controle","Exacte codetokens: agent=1, DEV-app=0, PROD-app=0."
"DeviceRecentFileAndFolderLogging","Actieve detailbuffer voor Windows Recent/Quick Access-koppelingen.","Legacy UAM","8","FileCreatedDateTime","datetime","True","","","","0","0",,"1","1","0","0","0","0","1","1","persoons-/gebruiksgegeven","actief in code","migreren na semantische controle","Exacte codetokens: agent=1, DEV-app=0, PROD-app=0."
"DeviceRecentFileAndFolderLogging","Actieve detailbuffer voor Windows Recent/Quick Access-koppelingen.","Legacy UAM","9","FileModifiedDateTime","datetime","True","","","","0","0",,"1","1","0","0","0","0","1","1","persoons-/gebruiksgegeven","actief in code","migreren na semantische controle","Exacte codetokens: agent=1, DEV-app=0, PROD-app=0."
"DeviceRecentFileAndFolderLogging","Actieve detailbuffer voor Windows Recent/Quick Access-koppelingen.","Legacy UAM","10","pathRecentfileandfolder","varchar(2000)","True","","","","0","0",,"1","1","0","0","1","1","2","2","persoons-/gebruiksgegeven","actief in code","migreren na semantische controle","Exacte codetokens: agent=1, DEV-app=0, PROD-app=1."
"DeviceRecentFileAndFolderLogging","Actieve detailbuffer voor Windows Recent/Quick Access-koppelingen.","Legacy UAM","11","attributes","varchar(255)","True","","","","0","0",,"5","6","0","41","1","52","6","99","persoons-/gebruiksgegeven","actief in code","migreren na semantische controle","Exacte codetokens: agent=6, DEV-app=41, PROD-app=52."
"DeviceRecentFileAndFolderLogging_Archive","Historisch Windows Recent/Quick Access-gebruik.","Legacy UAM","1","datetimestamp","datetime","True","","","","13037","13037","100","3","5","5","7","12","15","20","27","persoons-/gebruiksgegeven","actief in code","migreren na semantische controle","Exacte codetokens: agent=5, DEV-app=7, PROD-app=15."
"DeviceRecentFileAndFolderLogging_Archive","Historisch Windows Recent/Quick Access-gebruik.","Legacy UAM","2","computername","varchar(100)","True","","","","13037","13037","100","23","54","2","3","6","7","31","64","persoons-/gebruiksgegeven","actief in code","migreren na semantische controle","Exacte codetokens: agent=54, DEV-app=3, PROD-app=7."
"DeviceRecentFileAndFolderLogging_Archive","Historisch Windows Recent/Quick Access-gebruik.","Legacy UAM","3","username","varchar(50)","True","","","","13037","13037","100","26","46","15","17","26","26","67","89","persoons-/gebruiksgegeven","actief in code","migreren na semantische controle","Exacte codetokens: agent=46, DEV-app=17, PROD-app=26."
"DeviceRecentFileAndFolderLogging_Archive","Historisch Windows Recent/Quick Access-gebruik.","Legacy UAM","4","userdomain","varchar(50)","True","","","","13037","13037","100","21","50","2","2","5","5","28","57","persoons-/gebruiksgegeven","actief in code","migreren na semantische controle","Exacte codetokens: agent=50, DEV-app=2, PROD-app=5."
"DeviceRecentFileAndFolderLogging_Archive","Historisch Windows Recent/Quick Access-gebruik.","Legacy UAM","5","LastWriteTime","datetime2(7)","True","","","","13037","26","0.2","6","8","0","0","0","0","6","8","persoons-/gebruiksgegeven","actief in code","migreren na semantische controle","Exacte codetokens: agent=8, DEV-app=0, PROD-app=0."
"DeviceRecentFileAndFolderLogging_Archive","Historisch Windows Recent/Quick Access-gebruik.","Legacy UAM","6","LnkLastOpenedDateTime","datetime2(7)","True","","","","13037","13011","99.8","1","1","0","0","0","0","1","1","persoons-/gebruiksgegeven","actief in code","migreren na semantische controle","Exacte codetokens: agent=1, DEV-app=0, PROD-app=0."
"DeviceRecentFileAndFolderLogging_Archive","Historisch Windows Recent/Quick Access-gebruik.","Legacy UAM","7","LnkCreatedDateTime","datetime","True","","","","13037","13011","99.8","1","1","0","0","0","0","1","1","persoons-/gebruiksgegeven","actief in code","migreren na semantische controle","Exacte codetokens: agent=1, DEV-app=0, PROD-app=0."
"DeviceRecentFileAndFolderLogging_Archive","Historisch Windows Recent/Quick Access-gebruik.","Legacy UAM","8","FileCreatedDateTime","datetime","True","","","","13037","5997","46","1","1","0","0","0","0","1","1","persoons-/gebruiksgegeven","actief in code","migreren na semantische controle","Exacte codetokens: agent=1, DEV-app=0, PROD-app=0."
"DeviceRecentFileAndFolderLogging_Archive","Historisch Windows Recent/Quick Access-gebruik.","Legacy UAM","9","FileModifiedDateTime","datetime","True","","","","13037","5997","46","1","1","0","0","0","0","1","1","persoons-/gebruiksgegeven","actief in code","migreren na semantische controle","Exacte codetokens: agent=1, DEV-app=0, PROD-app=0."
"DeviceRecentFileAndFolderLogging_Archive","Historisch Windows Recent/Quick Access-gebruik.","Legacy UAM","10","pathRecentfileandfolder","varchar(2000)","True","","","","13037","13037","100","1","1","0","0","1","1","2","2","persoons-/gebruiksgegeven","actief in code","migreren na semantische controle","Exacte codetokens: agent=1, DEV-app=0, PROD-app=1."
"DeviceRecentFileAndFolderLogging_Archive","Historisch Windows Recent/Quick Access-gebruik.","Legacy UAM","11","attributes","varchar(255)","True","","","","13037","13037","100","5","6","0","41","1","52","6","99","persoons-/gebruiksgegeven","actief in code","migreren na semantische controle","Exacte codetokens: agent=6, DEV-app=41, PROD-app=52."
"DeviceScripts","Definitie van aanvullende uitvoerbare PowerShell-taken.","Legacy UAM","1","Script_GUID","uniqueidentifier","False","PK(1)","","PK_DeviceScripts","1","1","100","0","0","0","0","7","7","7","7","persoons-/gebruiksgegeven","structureel","behouden/hermodelleren","Onderdeel van identity-, primary-key- of foreign-keystructuur."
"DeviceScripts","Definitie van aanvullende uitvoerbare PowerShell-taken.","Legacy UAM","2","Script_Description_short","nvarchar(100)","True","","","","1","1","100","0","0","0","0","4","4","4","4","intern/configuratie","actief in code","migreren na semantische controle","Exacte codetokens: agent=0, DEV-app=0, PROD-app=4."
"DeviceScripts","Definitie van aanvullende uitvoerbare PowerShell-taken.","Legacy UAM","3","Script_Description_long","nvarchar(1000)","True","","","","1","1","100","0","0","0","0","2","2","2","2","intern/configuratie","actief in code","migreren na semantische controle","Exacte codetokens: agent=0, DEV-app=0, PROD-app=2."
"DeviceScripts","Definitie van aanvullende uitvoerbare PowerShell-taken.","Legacy UAM","4","Script_Code","nvarchar(max)","True","","","","1","1","100","0","0","0","0","2","2","2","2","gevoelige diagnostiek/configuratie","actief in code","migreren na semantische controle","Arbitraire PowerShell-code; hoog risico. Nieuwe taken als ondertekende/versioned plugins met expliciete capabilities. Exacte codetokens: agent=0, DEV-app=0, PROD-app=2."
"DeviceScripts","Definitie van aanvullende uitvoerbare PowerShell-taken.","Legacy UAM","5","Script_WorksOnComputerTypes","varchar(1000)","True","","","","1","1","100","0","0","0","0","3","3","3","3","persoons-/gebruiksgegeven","actief in code","migreren na semantische controle","Exacte codetokens: agent=0, DEV-app=0, PROD-app=3."
"DeviceScripts","Definitie van aanvullende uitvoerbare PowerShell-taken.","Legacy UAM","6","Script_WhenCreated","datetime","True","","","","1","0","0","0","0","0","0","2","2","2","2","intern/configuratie","codegebruik, productie leeg","migreren na semantische controle","Exacte codetokens: agent=0, DEV-app=0, PROD-app=2."
"DeviceScripts","Definitie van aanvullende uitvoerbare PowerShell-taken.","Legacy UAM","7","Script_UserCreated","varchar(50)","True","","","","1","1","100","0","0","0","0","1","1","1","1","persoons-/gebruiksgegeven","actief in code","migreren na semantische controle","Exacte codetokens: agent=0, DEV-app=0, PROD-app=1."
"DeviceScripts","Definitie van aanvullende uitvoerbare PowerShell-taken.","Legacy UAM","8","ScriptOutputType","varchar(50)","True","","","","1","1","100","0","0","0","0","4","4","4","4","intern/configuratie","actief in code","migreren na semantische controle","Exacte codetokens: agent=0, DEV-app=0, PROD-app=4."
"DeviceScripts","Definitie van aanvullende uitvoerbare PowerShell-taken.","Legacy UAM","9","ScriptEnabled","bit","True","","((1))","","1","1","100","0","0","0","0","2","2","2","2","intern/configuratie","actief in code","migreren na semantische controle","Exacte codetokens: agent=0, DEV-app=0, PROD-app=2."
"DeviceScriptSchedules","Planning en doelgroepselectie voor DeviceScripts.","Legacy UAM","1","ScheduleID","int","False","IDENTITY; PK(1)","","PK_DeviceScriptSchedules","1","1","100","0","0","0","0","2","2","2","2","intern/configuratie","structureel","behouden/hermodelleren","Onderdeel van identity-, primary-key- of foreign-keystructuur."
"DeviceScriptSchedules","Planning en doelgroepselectie voor DeviceScripts.","Legacy UAM","2","Script_GUID","uniqueidentifier","False","FK->DeviceScripts.Script_GUID","","IX_DeviceScriptSchedules_NextRunTime","1","1","100","0","0","0","0","7","7","7","7","persoons-/gebruiksgegeven","structureel","behouden/hermodelleren","Onderdeel van identity-, primary-key- of foreign-keystructuur."
"DeviceScriptSchedules","Planning en doelgroepselectie voor DeviceScripts.","Legacy UAM","3","ScheduleName","varchar(100)","True","","","","1","1","100","0","0","0","0","3","3","3","3","persoons-/gebruiksgegeven","actief in code","migreren na semantische controle","Exacte codetokens: agent=0, DEV-app=0, PROD-app=3."
"DeviceScriptSchedules","Planning en doelgroepselectie voor DeviceScripts.","Legacy UAM","4","ScheduleType","varchar(50)","False","","","IX_DeviceScriptSchedules_NextRunTime","1","1","100","0","0","0","0","4","4","4","4","intern/configuratie","actief in code","migreren na semantische controle","Exacte codetokens: agent=0, DEV-app=0, PROD-app=4."
"DeviceScriptSchedules","Planning en doelgroepselectie voor DeviceScripts.","Legacy UAM","5","CronExpression","varchar(100)","True","","","","1","1","100","0","0","0","0","3","3","3","3","intern/configuratie","actief in code","migreren na semantische controle","Exacte codetokens: agent=0, DEV-app=0, PROD-app=3."
"DeviceScriptSchedules","Planning en doelgroepselectie voor DeviceScripts.","Legacy UAM","6","IntervalMinutes","int","True","","","","1","0","0","0","0","0","0","0","0","0","0","intern/configuratie","kandidaat vervallen","review vóór verwijderen","In productie nooit gevuld en geen exacte codeverwijzing aangetroffen."
"DeviceScriptSchedules","Planning en doelgroepselectie voor DeviceScripts.","Legacy UAM","7","SpecificRunTime","datetime","True","","","","1","0","0","0","0","0","0","0","0","0","0","intern/configuratie","kandidaat vervallen","review vóór verwijderen","In productie nooit gevuld en geen exacte codeverwijzing aangetroffen."
"DeviceScriptSchedules","Planning en doelgroepselectie voor DeviceScripts.","Legacy UAM","8","ValidFrom","datetime","True","","","","1","0","0","0","0","0","0","1","1","1","1","intern/configuratie","codegebruik, productie leeg","migreren na semantische controle","Exacte codetokens: agent=0, DEV-app=0, PROD-app=1."
"DeviceScriptSchedules","Planning en doelgroepselectie voor DeviceScripts.","Legacy UAM","9","ValidUntil","datetime","True","","","","1","0","0","0","0","0","0","1","1","1","1","intern/configuratie","codegebruik, productie leeg","migreren na semantische controle","Exacte codetokens: agent=0, DEV-app=0, PROD-app=1."
"DeviceScriptSchedules","Planning en doelgroepselectie voor DeviceScripts.","Legacy UAM","10","NextRunTime","datetime","True","","","IX_DeviceScriptSchedules_NextRunTime","1","0","0","0","0","0","0","1","1","1","1","intern/configuratie","codegebruik, productie leeg","migreren na semantische controle","Exacte codetokens: agent=0, DEV-app=0, PROD-app=1."
"DeviceScriptSchedules","Planning en doelgroepselectie voor DeviceScripts.","Legacy UAM","11","LastRunTime","datetime","True","","","","1","0","0","0","0","0","0","0","0","0","0","intern/configuratie","kandidaat vervallen","review vóór verwijderen","In productie nooit gevuld en geen exacte codeverwijzing aangetroffen."
"DeviceScriptSchedules","Planning en doelgroepselectie voor DeviceScripts.","Legacy UAM","12","ExecuteOnTheseDeviceOUs","varchar(1000)","True","","","","1","1","100","0","0","0","0","3","3","3","3","intern/configuratie","actief in code","migreren na semantische controle","Gedenormaliseerde lijst; vervangen door een doelgroeptabel. Exacte codetokens: agent=0, DEV-app=0, PROD-app=3."
"DeviceScriptSchedules","Planning en doelgroepselectie voor DeviceScripts.","Legacy UAM","13","ExecuteOnTheseDevices","varchar(1000)","True","","","","1","1","100","0","0","0","0","2","2","2","2","intern/configuratie","actief in code","migreren na semantische controle","Gedenormaliseerde lijst; vervangen door een doelgroeptabel. Exacte codetokens: agent=0, DEV-app=0, PROD-app=2."
"DeviceScriptSchedules","Planning en doelgroepselectie voor DeviceScripts.","Legacy UAM","14","ExecuteNotOnTheseDevices","varchar(1000)","True","","","","1","1","100","0","0","0","0","2","2","2","2","intern/configuratie","actief in code","migreren na semantische controle","Gedenormaliseerde lijst; vervangen door een uitsluitingstabel. Exacte codetokens: agent=0, DEV-app=0, PROD-app=2."
"DeviceScriptSchedules","Planning en doelgroepselectie voor DeviceScripts.","Legacy UAM","15","ScheduleEnabled","bit","False","","((1))","IX_DeviceScriptSchedules_NextRunTime","1","1","100","0","0","0","0","2","2","2","2","intern/configuratie","actief in code","migreren na semantische controle","Exacte codetokens: agent=0, DEV-app=0, PROD-app=2."
"DeviceTypes","Apparaattypen en OU-doelgroepen voor taakuitvoering.","Legacy UAM","1","DeviceTypeID","int","False","IDENTITY; PK(1)","","PK_DeviceTypes","38","38","100","0","0","0","0","2","2","2","2","intern/configuratie","structureel","behouden/hermodelleren","Onderdeel van identity-, primary-key- of foreign-keystructuur."
"DeviceTypes","Apparaattypen en OU-doelgroepen voor taakuitvoering.","Legacy UAM","2","DeviceTypeDescription","varchar(50)","True","","","","38","38","100","0","0","0","0","2","2","2","2","intern/configuratie","actief in code","migreren na semantische controle","Exacte codetokens: agent=0, DEV-app=0, PROD-app=2."
"DeviceTypes","Apparaattypen en OU-doelgroepen voor taakuitvoering.","Legacy UAM","3","DeviceType_OU","varchar(1000)","True","","","","38","38","100","0","0","0","0","6","6","6","6","intern/configuratie","actief in code","migreren na semantische controle","Exacte codetokens: agent=0, DEV-app=0, PROD-app=6."
"DeviceTypes","Apparaattypen en OU-doelgroepen voor taakuitvoering.","Legacy UAM","4","DeviceTypeEnabled","bit","True","","((1))","","38","38","100","0","0","0","0","2","2","2","2","intern/configuratie","actief in code","migreren na semantische controle","Exacte codetokens: agent=0, DEV-app=0, PROD-app=2."
"GG_YF_Employments","Extern Youforce-dienstverbandbroncontract.","External source contract","1","id","varchar(8000)","True","","","","5876","5876","100","7","26","18","62","47","143","72","231","persoons-/gebruiksgegeven","extern bronveld","broncontract configureren","Niet als UAM-eigendom beoordelen; alleen projecteren wat de module werkelijk nodig heeft."
"GG_YF_Employments","Extern Youforce-dienstverbandbroncontract.","External source contract","2","personCode","varchar(8000)","True","","","","5876","5876","100","0","0","8","8","8","8","16","16","persoons-/gebruiksgegeven","extern bronveld","broncontract configureren","Niet als UAM-eigendom beoordelen; alleen projecteren wat de module werkelijk nodig heeft."
"GG_YF_Employments","Extern Youforce-dienstverbandbroncontract.","External source contract","3","personId","varchar(8000)","True","","","","5876","5876","100","0","0","0","0","0","0","0","0","persoons-/gebruiksgegeven","extern bronveld","broncontract configureren","Niet als UAM-eigendom beoordelen; alleen projecteren wat de module werkelijk nodig heeft."
"GG_YF_Employments","Extern Youforce-dienstverbandbroncontract.","External source contract","4","contractCode","varchar(8000)","True","","","","5876","5876","100","0","0","0","0","0","0","0","0","persoons-/gebruiksgegeven","extern bronveld","broncontract configureren","Niet als UAM-eigendom beoordelen; alleen projecteren wat de module werkelijk nodig heeft."
"GG_YF_Employments","Extern Youforce-dienstverbandbroncontract.","External source contract","5","contractId","varchar(8000)","True","","","","5876","5876","100","0","0","0","0","0","0","0","0","persoons-/gebruiksgegeven","extern bronveld","broncontract configureren","Niet als UAM-eigendom beoordelen; alleen projecteren wat de module werkelijk nodig heeft."
"GG_YF_Employments","Extern Youforce-dienstverbandbroncontract.","External source contract","6","contractType","varchar(8000)","True","","","","5876","4573","77.83","0","0","0","0","0","0","0","0","persoons-/gebruiksgegeven","extern bronveld","broncontract configureren","Niet als UAM-eigendom beoordelen; alleen projecteren wat de module werkelijk nodig heeft."
"GG_YF_Employments","Extern Youforce-dienstverbandbroncontract.","External source contract","7","contractTypeName","varchar(8000)","True","","","","5876","4573","77.83","0","0","0","0","0","0","0","0","persoons-/gebruiksgegeven","extern bronveld","broncontract configureren","Niet als UAM-eigendom beoordelen; alleen projecteren wat de module werkelijk nodig heeft."
"GG_YF_Employments","Extern Youforce-dienstverbandbroncontract.","External source contract","8","emailAddresses","varchar(8000)","True","","","","5876","0","0","0","0","0","0","0","0","0","0","persoons-/gebruiksgegeven","extern bronveld","broncontract configureren","Niet als UAM-eigendom beoordelen; alleen projecteren wat de module werkelijk nodig heeft."
"GG_YF_Employments","Extern Youforce-dienstverbandbroncontract.","External source contract","9","employmentCode","varchar(8000)","True","","","","5876","5876","100","0","0","2","2","2","2","4","4","persoons-/gebruiksgegeven","extern bronveld","broncontract configureren","Niet als UAM-eigendom beoordelen; alleen projecteren wat de module werkelijk nodig heeft."
"GG_YF_Employments","Extern Youforce-dienstverbandbroncontract.","External source contract","10","employmentType","varchar(8000)","True","","","","5876","5876","100","0","0","0","0","0","0","0","0","persoons-/gebruiksgegeven","extern bronveld","broncontract configureren","Niet als UAM-eigendom beoordelen; alleen projecteren wat de module werkelijk nodig heeft."
"GG_YF_Employments","Extern Youforce-dienstverbandbroncontract.","External source contract","11","employmentTypeName","varchar(8000)","True","","","","5876","5876","100","0","0","0","0","0","0","0","0","persoons-/gebruiksgegeven","extern bronveld","broncontract configureren","Niet als UAM-eigendom beoordelen; alleen projecteren wat de module werkelijk nodig heeft."
"GG_YF_Employments","Extern Youforce-dienstverbandbroncontract.","External source contract","12","workingAmount","varchar(8000)","True","","","","5876","5876","100","0","0","0","0","0","0","0","0","persoons-/gebruiksgegeven","extern bronveld","broncontract configureren","Niet als UAM-eigendom beoordelen; alleen projecteren wat de module werkelijk nodig heeft."
"GG_YF_Employments","Extern Youforce-dienstverbandbroncontract.","External source contract","13","company","varchar(8000)","True","","","","5876","5876","100","4","7","11","11","9","9","24","27","persoons-/gebruiksgegeven","extern bronveld","broncontract configureren","Niet als UAM-eigendom beoordelen; alleen projecteren wat de module werkelijk nodig heeft."
"GG_YF_Employments","Extern Youforce-dienstverbandbroncontract.","External source contract","14","organizationUnit","varchar(8000)","True","","","","5876","5876","100","0","0","0","2","0","2","0","4","persoons-/gebruiksgegeven","extern bronveld","broncontract configureren","Niet als UAM-eigendom beoordelen; alleen projecteren wat de module werkelijk nodig heeft."
"GG_YF_Employments","Extern Youforce-dienstverbandbroncontract.","External source contract","15","organizationUnitCode","varchar(8000)","True","","","","5876","5876","100","0","0","1","1","1","1","2","2","persoons-/gebruiksgegeven","extern bronveld","broncontract configureren","Niet als UAM-eigendom beoordelen; alleen projecteren wat de module werkelijk nodig heeft."
"GG_YF_Employments","Extern Youforce-dienstverbandbroncontract.","External source contract","16","organizationUnitName","varchar(8000)","True","","","","5876","5876","100","0","0","1","1","1","1","2","2","persoons-/gebruiksgegeven","extern bronveld","broncontract configureren","Niet als UAM-eigendom beoordelen; alleen projecteren wat de module werkelijk nodig heeft."
"GG_YF_Employments","Extern Youforce-dienstverbandbroncontract.","External source contract","17","jobProfile","varchar(8000)","True","","","","5876","5875","99.98","0","0","0","0","0","0","0","0","persoons-/gebruiksgegeven","extern bronveld","broncontract configureren","Niet als UAM-eigendom beoordelen; alleen projecteren wat de module werkelijk nodig heeft."
"GG_YF_Employments","Extern Youforce-dienstverbandbroncontract.","External source contract","18","jobProfileName","varchar(8000)","True","","","","5876","5875","99.98","0","0","0","0","0","0","0","0","persoons-/gebruiksgegeven","extern bronveld","broncontract configureren","Niet als UAM-eigendom beoordelen; alleen projecteren wat de module werkelijk nodig heeft."
"GG_YF_Employments","Extern Youforce-dienstverbandbroncontract.","External source contract","19","phoneNumbers","varchar(8000)","True","","","","5876","0","0","0","0","0","0","0","0","0","0","persoons-/gebruiksgegeven","extern bronveld","broncontract configureren","Niet als UAM-eigendom beoordelen; alleen projecteren wat de module werkelijk nodig heeft."
"GG_YF_Employments","Extern Youforce-dienstverbandbroncontract.","External source contract","20","isActive","bit","True","","","","5876","1","0.02","0","0","0","12","0","12","0","24","persoons-/gebruiksgegeven","extern bronveld","broncontract configureren","Niet als UAM-eigendom beoordelen; alleen projecteren wat de module werkelijk nodig heeft."
"GG_YF_Employments","Extern Youforce-dienstverbandbroncontract.","External source contract","21","validFrom","varchar(8000)","True","","","","5876","5876","100","0","0","0","0","1","1","1","1","persoons-/gebruiksgegeven","extern bronveld","broncontract configureren","Niet als UAM-eigendom beoordelen; alleen projecteren wat de module werkelijk nodig heeft."
"GG_YF_Employments","Extern Youforce-dienstverbandbroncontract.","External source contract","22","validUntil","varchar(8000)","True","","","","5876","5876","100","0","0","0","0","1","1","1","1","persoons-/gebruiksgegeven","extern bronveld","broncontract configureren","Niet als UAM-eigendom beoordelen; alleen projecteren wat de module werkelijk nodig heeft."
"GG_YF_Employments","Extern Youforce-dienstverbandbroncontract.","External source contract","23","originalHireDate","varchar(8000)","True","","","","5876","2136","36.35","0","0","0","0","0","0","0","0","persoons-/gebruiksgegeven","extern bronveld","broncontract configureren","Niet als UAM-eigendom beoordelen; alleen projecteren wat de module werkelijk nodig heeft."
"GG_YF_Employments","Extern Youforce-dienstverbandbroncontract.","External source contract","24","hireDate","varchar(8000)","True","","","","5876","5876","100","0","0","0","1","0","1","0","2","persoons-/gebruiksgegeven","extern bronveld","broncontract configureren","Niet als UAM-eigendom beoordelen; alleen projecteren wat de module werkelijk nodig heeft."
"GG_YF_Employments","Extern Youforce-dienstverbandbroncontract.","External source contract","25","dischargeDate","varchar(8000)","True","","","","5876","1470","25.02","0","0","2","5","2","5","4","10","persoons-/gebruiksgegeven","extern bronveld","broncontract configureren","Niet als UAM-eigendom beoordelen; alleen projecteren wat de module werkelijk nodig heeft."
"GG_YF_Employments","Extern Youforce-dienstverbandbroncontract.","External source contract","26","terminationReason","varchar(8000)","True","","","","5876","1470","25.02","0","0","0","0","0","0","0","0","persoons-/gebruiksgegeven","extern bronveld","broncontract configureren","Niet als UAM-eigendom beoordelen; alleen projecteren wat de module werkelijk nodig heeft."
"GG_YF_Employments","Extern Youforce-dienstverbandbroncontract.","External source contract","27","terminationReasonName","varchar(8000)","True","","","","5876","1470","25.02","0","0","0","0","0","0","0","0","persoons-/gebruiksgegeven","extern bronveld","broncontract configureren","Niet als UAM-eigendom beoordelen; alleen projecteren wat de module werkelijk nodig heeft."
"GG_YF_Employments","Extern Youforce-dienstverbandbroncontract.","External source contract","28","classification","varchar(8000)","True","","","","5876","1","0.02","0","0","0","0","0","0","0","0","persoons-/gebruiksgegeven","extern bronveld","broncontract configureren","Niet als UAM-eigendom beoordelen; alleen projecteren wat de module werkelijk nodig heeft."
"GG_YF_Employments","Extern Youforce-dienstverbandbroncontract.","External source contract","29","classificationName","varchar(8000)","True","","","","5876","1","0.02","0","0","0","0","0","0","0","0","persoons-/gebruiksgegeven","extern bronveld","broncontract configureren","Niet als UAM-eigendom beoordelen; alleen projecteren wat de module werkelijk nodig heeft."
"GG_YF_Employments","Extern Youforce-dienstverbandbroncontract.","External source contract","30","latestSync","datetime2(7)","True","","","","5876","5876","100","0","0","0","0","0","0","0","0","persoons-/gebruiksgegeven","extern bronveld","broncontract configureren","Niet als UAM-eigendom beoordelen; alleen projecteren wat de module werkelijk nodig heeft."
"GG_YF_Employments","Extern Youforce-dienstverbandbroncontract.","External source contract","31","payrollClientCode","varchar(8000)","True","","","","5876","5876","100","0","0","0","0","0","0","0","0","persoons-/gebruiksgegeven","extern bronveld","broncontract configureren","Niet als UAM-eigendom beoordelen; alleen projecteren wat de module werkelijk nodig heeft."
"GG_YF_Employments","Extern Youforce-dienstverbandbroncontract.","External source contract","32","payrollInstitutionCode","varchar(8000)","True","","","","5876","5876","100","0","0","0","0","0","0","0","0","persoons-/gebruiksgegeven","extern bronveld","broncontract configureren","Niet als UAM-eigendom beoordelen; alleen projecteren wat de module werkelijk nodig heeft."
"GG_YF_Employments","Extern Youforce-dienstverbandbroncontract.","External source contract","33","extensions","varchar(8000)","True","","","","5876","0","0","0","0","0","0","0","0","0","0","persoons-/gebruiksgegeven","extern bronveld","broncontract configureren","Niet als UAM-eigendom beoordelen; alleen projecteren wat de module werkelijk nodig heeft."
"GG_YF_Employments","Extern Youforce-dienstverbandbroncontract.","External source contract","34","_rowno","int","False","IDENTITY","","","5876","5876","100","0","0","0","0","0","0","0","0","persoons-/gebruiksgegeven","extern bronveld","broncontract configureren","Niet als UAM-eigendom beoordelen; alleen projecteren wat de module werkelijk nodig heeft."
"GG_YF_Employments","Extern Youforce-dienstverbandbroncontract.","External source contract","35","_firstdiscovered","datetime","True","","","","5876","5876","100","0","0","0","0","0","0","0","0","persoons-/gebruiksgegeven","extern bronveld","broncontract configureren","Niet als UAM-eigendom beoordelen; alleen projecteren wat de module werkelijk nodig heeft."
"GG_YF_Employments","Extern Youforce-dienstverbandbroncontract.","External source contract","36","_lastdiscovered","datetime","True","","(getdate())","","5876","5876","100","0","0","0","0","0","0","0","0","persoons-/gebruiksgegeven","extern bronveld","broncontract configureren","Niet als UAM-eigendom beoordelen; alleen projecteren wat de module werkelijk nodig heeft."
"GG_YF_Employments","Extern Youforce-dienstverbandbroncontract.","External source contract","37","_remarks","sysname","True","","","","5876","0","0","0","0","0","0","0","0","0","0","persoons-/gebruiksgegeven","extern bronveld","broncontract configureren","Niet als UAM-eigendom beoordelen; alleen projecteren wat de module werkelijk nodig heeft."
"GG_YF_EmploymentsExtensions","Extern Youforce-uitbreidingsbroncontract.","External source contract","1","id","varchar(8000)","True","","","","23559","23559","100","7","26","18","62","47","143","72","231","persoons-/gebruiksgegeven","extern bronveld","broncontract configureren","Niet als UAM-eigendom beoordelen; alleen projecteren wat de module werkelijk nodig heeft."
"GG_YF_EmploymentsExtensions","Extern Youforce-uitbreidingsbroncontract.","External source contract","2","personCode","varchar(8000)","True","","","","23559","23559","100","0","0","8","8","8","8","16","16","persoons-/gebruiksgegeven","extern bronveld","broncontract configureren","Niet als UAM-eigendom beoordelen; alleen projecteren wat de module werkelijk nodig heeft."
"GG_YF_EmploymentsExtensions","Extern Youforce-uitbreidingsbroncontract.","External source contract","3","employmentCode","varchar(8000)","True","","","","23559","23559","100","0","0","2","2","2","2","4","4","persoons-/gebruiksgegeven","extern bronveld","broncontract configureren","Niet als UAM-eigendom beoordelen; alleen projecteren wat de module werkelijk nodig heeft."
"GG_YF_EmploymentsExtensions","Extern Youforce-uitbreidingsbroncontract.","External source contract","4","bo4FieldCode","varchar(8000)","True","","","","23559","23559","100","0","0","1","1","1","1","2","2","persoons-/gebruiksgegeven","extern bronveld","broncontract configureren","Niet als UAM-eigendom beoordelen; alleen projecteren wat de module werkelijk nodig heeft."
"GG_YF_EmploymentsExtensions","Extern Youforce-uitbreidingsbroncontract.","External source contract","5","fieldNameAlias","varchar(8000)","True","","","","23559","23559","100","0","0","0","0","0","0","0","0","persoons-/gebruiksgegeven","extern bronveld","broncontract configureren","Niet als UAM-eigendom beoordelen; alleen projecteren wat de module werkelijk nodig heeft."
"GG_YF_EmploymentsExtensions","Extern Youforce-uitbreidingsbroncontract.","External source contract","6","value","varchar(8000)","True","","","","23559","23559","100","3","4","6","13","41","75","50","92","persoons-/gebruiksgegeven","extern bronveld","broncontract configureren","Niet als UAM-eigendom beoordelen; alleen projecteren wat de module werkelijk nodig heeft."
"GG_YF_EmploymentsExtensions","Extern Youforce-uitbreidingsbroncontract.","External source contract","7","description","varchar(8000)","True","","","","23559","16729","71.01","4","5","2","2","2","2","8","9","persoons-/gebruiksgegeven","extern bronveld","broncontract configureren","Niet als UAM-eigendom beoordelen; alleen projecteren wat de module werkelijk nodig heeft."
"GG_YF_EmploymentsExtensions","Extern Youforce-uitbreidingsbroncontract.","External source contract","8","latestSync","datetime2(7)","True","","","","23559","23559","100","0","0","0","0","0","0","0","0","persoons-/gebruiksgegeven","extern bronveld","broncontract configureren","Niet als UAM-eigendom beoordelen; alleen projecteren wat de module werkelijk nodig heeft."
"GG_YF_EmploymentsExtensions","Extern Youforce-uitbreidingsbroncontract.","External source contract","9","_rowno","int","False","IDENTITY","","","23559","23559","100","0","0","0","0","0","0","0","0","persoons-/gebruiksgegeven","extern bronveld","broncontract configureren","Niet als UAM-eigendom beoordelen; alleen projecteren wat de module werkelijk nodig heeft."
"GG_YF_EmploymentsExtensions","Extern Youforce-uitbreidingsbroncontract.","External source contract","10","_firstdiscovered","datetime","True","","","","23559","23559","100","0","0","0","0","0","0","0","0","persoons-/gebruiksgegeven","extern bronveld","broncontract configureren","Niet als UAM-eigendom beoordelen; alleen projecteren wat de module werkelijk nodig heeft."
"GG_YF_EmploymentsExtensions","Extern Youforce-uitbreidingsbroncontract.","External source contract","11","_lastdiscovered","datetime","True","","(getdate())","","23559","23559","100","0","0","0","0","0","0","0","0","persoons-/gebruiksgegeven","extern bronveld","broncontract configureren","Niet als UAM-eigendom beoordelen; alleen projecteren wat de module werkelijk nodig heeft."
"GG_YF_EmploymentsExtensions","Extern Youforce-uitbreidingsbroncontract.","External source contract","12","_remarks","sysname","True","","","","23559","0","0","0","0","0","0","0","0","0","0","persoons-/gebruiksgegeven","extern bronveld","broncontract configureren","Niet als UAM-eigendom beoordelen; alleen projecteren wat de module werkelijk nodig heeft."
"GG_YF_OrganizationUnits","Extern Youforce-organisatiebroncontract.","External source contract","1","id","varchar(8000)","True","","","","682","682","100","7","26","18","62","47","143","72","231","intern/configuratie","extern bronveld","broncontract configureren","Niet als UAM-eigendom beoordelen; alleen projecteren wat de module werkelijk nodig heeft."
"GG_YF_OrganizationUnits","Extern Youforce-organisatiebroncontract.","External source contract","2","parentOrgUnit","varchar(8000)","True","","","","682","681","99.85","0","0","4","11","4","11","8","22","intern/configuratie","extern bronveld","broncontract configureren","Niet als UAM-eigendom beoordelen; alleen projecteren wat de module werkelijk nodig heeft."
"GG_YF_OrganizationUnits","Extern Youforce-organisatiebroncontract.","External source contract","3","fullName","varchar(8000)","True","","","","682","682","100","5","8","4","7","4","7","13","22","persoons-/gebruiksgegeven","extern bronveld","broncontract configureren","Niet als UAM-eigendom beoordelen; alleen projecteren wat de module werkelijk nodig heeft."
"GG_YF_OrganizationUnits","Extern Youforce-organisatiebroncontract.","External source contract","4","shortName","varchar(8000)","True","","","","682","682","100","0","0","3","7","3","7","6","14","persoons-/gebruiksgegeven","extern bronveld","broncontract configureren","Niet als UAM-eigendom beoordelen; alleen projecteren wat de module werkelijk nodig heeft."
"GG_YF_OrganizationUnits","Extern Youforce-organisatiebroncontract.","External source contract","5","validFrom","varchar(8000)","True","","","","682","682","100","0","0","0","0","1","1","1","1","intern/configuratie","extern bronveld","broncontract configureren","Niet als UAM-eigendom beoordelen; alleen projecteren wat de module werkelijk nodig heeft."
"GG_YF_OrganizationUnits","Extern Youforce-organisatiebroncontract.","External source contract","6","validUntil","varchar(8000)","True","","","","682","682","100","0","0","0","0","1","1","1","1","intern/configuratie","extern bronveld","broncontract configureren","Niet als UAM-eigendom beoordelen; alleen projecteren wat de module werkelijk nodig heeft."
"GG_YF_OrganizationUnits","Extern Youforce-organisatiebroncontract.","External source contract","7","isBlocked","bit","True","","","","682","682","100","0","0","1","1","1","1","2","2","intern/configuratie","extern bronveld","broncontract configureren","Niet als UAM-eigendom beoordelen; alleen projecteren wat de module werkelijk nodig heeft."
"GG_YF_OrganizationUnits","Extern Youforce-organisatiebroncontract.","External source contract","8","address","varchar(8000)","True","","","","682","370","54.25","0","0","0","0","0","0","0","0","persoons-/gebruiksgegeven","extern bronveld","broncontract configureren","Niet als UAM-eigendom beoordelen; alleen projecteren wat de module werkelijk nodig heeft."
"GG_YF_OrganizationUnits","Extern Youforce-organisatiebroncontract.","External source contract","9","costCenterCode","varchar(8000)","True","","","","682","646","94.72","0","0","0","0","0","0","0","0","intern/configuratie","extern bronveld","broncontract configureren","Niet als UAM-eigendom beoordelen; alleen projecteren wat de module werkelijk nodig heeft."
"GG_YF_OrganizationUnits","Extern Youforce-organisatiebroncontract.","External source contract","10","latestSync","datetime2(7)","True","","","","682","682","100","0","0","0","0","0","0","0","0","intern/configuratie","extern bronveld","broncontract configureren","Niet als UAM-eigendom beoordelen; alleen projecteren wat de module werkelijk nodig heeft."
"GG_YF_OrganizationUnits","Extern Youforce-organisatiebroncontract.","External source contract","11","_rowno","int","False","IDENTITY","","","682","682","100","0","0","0","0","0","0","0","0","intern/configuratie","extern bronveld","broncontract configureren","Niet als UAM-eigendom beoordelen; alleen projecteren wat de module werkelijk nodig heeft."
"GG_YF_OrganizationUnits","Extern Youforce-organisatiebroncontract.","External source contract","12","_firstdiscovered","datetime","True","","","","682","682","100","0","0","0","0","0","0","0","0","intern/configuratie","extern bronveld","broncontract configureren","Niet als UAM-eigendom beoordelen; alleen projecteren wat de module werkelijk nodig heeft."
"GG_YF_OrganizationUnits","Extern Youforce-organisatiebroncontract.","External source contract","13","_lastdiscovered","datetime","True","","(getdate())","","682","682","100","0","0","0","0","0","0","0","0","intern/configuratie","extern bronveld","broncontract configureren","Niet als UAM-eigendom beoordelen; alleen projecteren wat de module werkelijk nodig heeft."
"GG_YF_OrganizationUnits","Extern Youforce-organisatiebroncontract.","External source contract","14","_remarks","sysname","True","","","","682","0","0","0","0","0","0","0","0","0","0","intern/configuratie","extern bronveld","broncontract configureren","Niet als UAM-eigendom beoordelen; alleen projecteren wat de module werkelijk nodig heeft."
"SystemLookups","Referentiewaarden voor taakuitvoer en planning.","Legacy UAM","1","LookupID","int","False","IDENTITY; PK(1)","","PK__SystemLo__6D8B9C6B4B12C084","11","11","100","0","0","0","0","2","2","2","2","intern/configuratie","structureel","behouden/hermodelleren","Onderdeel van identity-, primary-key- of foreign-keystructuur."
"SystemLookups","Referentiewaarden voor taakuitvoer en planning.","Legacy UAM","2","Category","varchar(50)","False","","","","11","11","100","0","0","0","0","3","6","3","6","intern/configuratie","actief in code","migreren na semantische controle","Exacte codetokens: agent=0, DEV-app=0, PROD-app=6."
"SystemLookups","Referentiewaarden voor taakuitvoer en planning.","Legacy UAM","3","Code","varchar(50)","False","","","","11","11","100","0","8","0","3","8","11","8","22","intern/configuratie","actief in code","migreren na semantische controle","Exacte codetokens: agent=8, DEV-app=3, PROD-app=11."
"SystemLookups","Referentiewaarden voor taakuitvoer en planning.","Legacy UAM","4","Description_Short","varchar(100)","False","","","","11","11","100","0","0","0","0","5","5","5","5","intern/configuratie","actief in code","migreren na semantische controle","Exacte codetokens: agent=0, DEV-app=0, PROD-app=5."
"SystemLookups","Referentiewaarden voor taakuitvoer en planning.","Legacy UAM","5","Description_Long","varchar(500)","True","","","","11","0","0","0","0","0","0","3","3","3","3","intern/configuratie","codegebruik, productie leeg","migreren na semantische controle","Exacte codetokens: agent=0, DEV-app=0, PROD-app=3."
"SystemLookups","Referentiewaarden voor taakuitvoer en planning.","Legacy UAM","6","IsEnabled","bit","False","","((1))","","11","11","100","0","0","0","0","2","5","2","5","intern/configuratie","actief in code","migreren na semantische controle","Exacte codetokens: agent=0, DEV-app=0, PROD-app=5."
"uam_log_minimal","Geaggregeerde unieke gebruikers-/datapunten met eerste waarneming.","Legacy UAM","1","LogID","int","False","IDENTITY; PK(1)","","PK__uam_log___5E5499A8AFA101A3","29575","29575","100","4","4","5","5","8","8","17","17","intern/configuratie","structureel","behouden/hermodelleren","Logische hoofdrecord; productie heeft geen unieke constraint op de natuurlijke combinatie. Onderdeel van identity-, primary-key- of foreign-keystructuur."
"uam_log_minimal","Geaggregeerde unieke gebruikers-/datapunten met eerste waarneming.","Legacy UAM","2","username","varchar(50)","False","","","","29575","29575","100","26","46","15","17","26","26","67","89","persoons-/gebruiksgegeven","actief in code","migreren na semantische controle","Exacte codetokens: agent=46, DEV-app=17, PROD-app=26."
"uam_log_minimal","Geaggregeerde unieke gebruikers-/datapunten met eerste waarneming.","Legacy UAM","3","userdomain","varchar(50)","False","","","","29575","29575","100","21","50","2","2","5","5","28","57","persoons-/gebruiksgegeven","actief in code","migreren na semantische controle","Exacte codetokens: agent=50, DEV-app=2, PROD-app=5."
"uam_log_minimal","Geaggregeerde unieke gebruikers-/datapunten met eerste waarneming.","Legacy UAM","4","data_collection_type","varchar(20)","False","","","","29575","29575","100","8","11","2","2","2","2","12","15","intern/configuratie","actief in code","migreren na semantische controle","Exacte codetokens: agent=11, DEV-app=2, PROD-app=2."
"uam_log_minimal","Geaggregeerde unieke gebruikers-/datapunten met eerste waarneming.","Legacy UAM","5","data","varchar(1500)","False","","","","29575","29575","100","16","40","2","8","2","12","20","60","intern/configuratie","actief in code","migreren na semantische controle","Exacte codetokens: agent=40, DEV-app=8, PROD-app=12."
"uam_log_minimal","Geaggregeerde unieke gebruikers-/datapunten met eerste waarneming.","Legacy UAM","6","first_logged_datetime","datetime2(7)","False","","","","29575","29575","100","1","1","4","4","4","4","9","9","intern/configuratie","actief in code","migreren na semantische controle","Exacte codetokens: agent=1, DEV-app=4, PROD-app=4."
"uam_log_minimal_dates","Dagelijkse gebruiksdatums bij uam_log_minimal.","Legacy UAM","1","LogID","int","False","PK(1); FK->uam_log_minimal.LogID","","PK_uam_log_minimal_dates","113100","113100","100","4","4","5","5","8","8","17","17","intern/configuratie","structureel","behouden/hermodelleren","Enige fysiek afgedwongen FK naast DeviceScriptSchedules.Script_GUID. Onderdeel van identity-, primary-key- of foreign-keystructuur."
"uam_log_minimal_dates","Dagelijkse gebruiksdatums bij uam_log_minimal.","Legacy UAM","2","UsedOnDate","date","False","PK(2)","","PK_uam_log_minimal_dates","113100","113100","100","2","2","0","0","0","0","2","2","intern/configuratie","structureel","behouden/hermodelleren","Onderdeel van identity-, primary-key- of foreign-keystructuur."
"vwt_hr_contracts","Extern HR-contractviewcontract.","External source contract","1","company","varchar(3)","False","","","","7179","7179","100","4","7","11","11","9","9","24","27","persoons-/gebruiksgegeven","extern bronveld","broncontract configureren","Niet als UAM-eigendom beoordelen; alleen projecteren wat de module werkelijk nodig heeft."
"vwt_hr_contracts","Extern HR-contractviewcontract.","External source contract","2","personeelsnr","varchar(8000)","True","","","","7179","7179","100","0","0","10","14","0","4","10","18","persoons-/gebruiksgegeven","extern bronveld","broncontract configureren","Niet als UAM-eigendom beoordelen; alleen projecteren wat de module werkelijk nodig heeft."
"vwt_hr_contracts","Extern HR-contractviewcontract.","External source contract","3","personeelsnr_orig","varchar(8000)","True","","","","7179","7179","100","0","0","0","0","0","0","0","0","persoons-/gebruiksgegeven","extern bronveld","broncontract configureren","Niet als UAM-eigendom beoordelen; alleen projecteren wat de module werkelijk nodig heeft."
"vwt_hr_contracts","Extern HR-contractviewcontract.","External source contract","4","Volgnummer_contract","bigint","True","","","","7179","7179","100","0","0","0","0","0","0","0","0","persoons-/gebruiksgegeven","extern bronveld","broncontract configureren","Niet als UAM-eigendom beoordelen; alleen projecteren wat de module werkelijk nodig heeft."
"vwt_hr_contracts","Extern HR-contractviewcontract.","External source contract","5","remarks","varchar(31)","False","","","","7179","7179","100","0","0","0","0","0","0","0","0","persoons-/gebruiksgegeven","extern bronveld","broncontract configureren","Niet als UAM-eigendom beoordelen; alleen projecteren wat de module werkelijk nodig heeft."
"vwt_hr_contracts","Extern HR-contractviewcontract.","External source contract","6","Status_Contract","varchar(29)","False","","","","7179","7179","100","0","0","3","7","0","4","3","11","persoons-/gebruiksgegeven","extern bronveld","broncontract configureren","Niet als UAM-eigendom beoordelen; alleen projecteren wat de module werkelijk nodig heeft."
"vwt_hr_contracts","Extern HR-contractviewcontract.","External source contract","7","DagenVoorBegindatum","int","True","","","","7179","129","1.8","0","0","0","0","0","0","0","0","persoons-/gebruiksgegeven","extern bronveld","broncontract configureren","Niet als UAM-eigendom beoordelen; alleen projecteren wat de module werkelijk nodig heeft."
"vwt_hr_contracts","Extern HR-contractviewcontract.","External source contract","8","DagenNaEinddatum","int","True","","","","7179","1930","26.88","0","0","0","0","0","0","0","0","persoons-/gebruiksgegeven","extern bronveld","broncontract configureren","Niet als UAM-eigendom beoordelen; alleen projecteren wat de module werkelijk nodig heeft."
"vwt_hr_contracts","Extern HR-contractviewcontract.","External source contract","9","DagenTotMaxEinddatum","int","True","","","","7179","1850","25.77","0","0","0","0","0","0","0","0","persoons-/gebruiksgegeven","extern bronveld","broncontract configureren","Niet als UAM-eigendom beoordelen; alleen projecteren wat de module werkelijk nodig heeft."
"vwt_hr_contracts","Extern HR-contractviewcontract.","External source contract","10","Last_Einddatum_contracts","date","True","","","","7179","1850","25.77","0","0","0","2","0","2","0","4","persoons-/gebruiksgegeven","extern bronveld","broncontract configureren","Niet als UAM-eigendom beoordelen; alleen projecteren wat de module werkelijk nodig heeft."
"vwt_hr_contracts","Extern HR-contractviewcontract.","External source contract","11","Begindatum_contract","date","True","","","","7179","7179","100","0","0","1","1","0","0","1","1","persoons-/gebruiksgegeven","extern bronveld","broncontract configureren","Niet als UAM-eigendom beoordelen; alleen projecteren wat de module werkelijk nodig heeft."
"vwt_hr_contracts","Extern HR-contractviewcontract.","External source contract","12","Einddatum_contract","date","True","","","","7179","1930","26.88","0","0","1","1","0","0","1","1","persoons-/gebruiksgegeven","extern bronveld","broncontract configureren","Niet als UAM-eigendom beoordelen; alleen projecteren wat de module werkelijk nodig heeft."
"vwt_hr_contracts","Extern HR-contractviewcontract.","External source contract","13","MeerdereContractenTegelijk","int","False","","","","7179","7179","100","0","0","0","0","0","0","0","0","persoons-/gebruiksgegeven","extern bronveld","broncontract configureren","Niet als UAM-eigendom beoordelen; alleen projecteren wat de module werkelijk nodig heeft."
"vwt_hr_contracts","Extern HR-contractviewcontract.","External source contract","14","Naam","varchar(8000)","False","","","","7179","7179","100","0","6","0","1","6","7","6","14","persoons-/gebruiksgegeven","extern bronveld","broncontract configureren","Niet als UAM-eigendom beoordelen; alleen projecteren wat de module werkelijk nodig heeft."
"vwt_hr_contracts","Extern HR-contractviewcontract.","External source contract","15","initialen","nvarchar(max)","True","","","","7179","7021","97.8","0","0","0","0","0","0","0","0","persoons-/gebruiksgegeven","extern bronveld","broncontract configureren","Niet als UAM-eigendom beoordelen; alleen projecteren wat de module werkelijk nodig heeft."
"vwt_hr_contracts","Extern HR-contractviewcontract.","External source contract","16","Roepnaam","varchar(8000)","True","","","","7179","5773","80.42","0","0","0","2","0","2","0","4","persoons-/gebruiksgegeven","extern bronveld","broncontract configureren","Niet als UAM-eigendom beoordelen; alleen projecteren wat de module werkelijk nodig heeft."
"vwt_hr_contracts","Extern HR-contractviewcontract.","External source contract","17","Tussenvoegsel","varchar(8000)","True","","","","7179","1107","15.42","0","0","0","0","0","0","0","0","persoons-/gebruiksgegeven","extern bronveld","broncontract configureren","Niet als UAM-eigendom beoordelen; alleen projecteren wat de module werkelijk nodig heeft."
"vwt_hr_contracts","Extern HR-contractviewcontract.","External source contract","18","Achternaam","varchar(8000)","True","","","","7179","7025","97.85","0","0","0","2","0","2","0","4","persoons-/gebruiksgegeven","extern bronveld","broncontract configureren","Niet als UAM-eigendom beoordelen; alleen projecteren wat de module werkelijk nodig heeft."
"vwt_hr_contracts","Extern HR-contractviewcontract.","External source contract","19","Tussenvoegsel_partner","varchar(8000)","True","","","","7179","417","5.81","0","0","0","0","0","0","0","0","persoons-/gebruiksgegeven","extern bronveld","broncontract configureren","Niet als UAM-eigendom beoordelen; alleen projecteren wat de module werkelijk nodig heeft."
"vwt_hr_contracts","Extern HR-contractviewcontract.","External source contract","20","Achternaam_partner","varchar(8000)","True","","","","7179","2446","34.07","0","0","0","0","0","0","0","0","persoons-/gebruiksgegeven","extern bronveld","broncontract configureren","Niet als UAM-eigendom beoordelen; alleen projecteren wat de module werkelijk nodig heeft."
"vwt_hr_contracts","Extern HR-contractviewcontract.","External source contract","21","Organisatorische_eenheid_omschrijving","varchar(8000)","True","","","","7179","7179","100","0","0","3","5","1","3","4","8","persoons-/gebruiksgegeven","extern bronveld","broncontract configureren","Niet als UAM-eigendom beoordelen; alleen projecteren wat de module werkelijk nodig heeft."
"vwt_hr_contracts","Extern HR-contractviewcontract.","External source contract","22","functie_omschrijving","varchar(8000)","True","","","","7179","7066","98.43","0","0","2","4","1","3","3","7","persoons-/gebruiksgegeven","extern bronveld","broncontract configureren","Niet als UAM-eigendom beoordelen; alleen projecteren wat de module werkelijk nodig heeft."
"vwt_hr_contracts","Extern HR-contractviewcontract.","External source contract","23","Organisatorische_eenheid_code","varchar(8000)","True","","","","7179","7179","100","0","0","2","4","1","3","3","7","persoons-/gebruiksgegeven","extern bronveld","broncontract configureren","Niet als UAM-eigendom beoordelen; alleen projecteren wat de module werkelijk nodig heeft."
"vwt_hr_contracts","Extern HR-contractviewcontract.","External source contract","24","Functie_code","varchar(8000)","True","","","","7179","7075","98.55","0","0","2","2","1","1","3","3","persoons-/gebruiksgegeven","extern bronveld","broncontract configureren","Niet als UAM-eigendom beoordelen; alleen projecteren wat de module werkelijk nodig heeft."
"vwt_hr_contracts","Extern HR-contractviewcontract.","External source contract","25","ict_Voorzieningen","varchar(8000)","True","","","","7179","6867","95.65","0","0","0","0","0","0","0","0","persoons-/gebruiksgegeven","extern bronveld","broncontract configureren","Niet als UAM-eigendom beoordelen; alleen projecteren wat de module werkelijk nodig heeft."
"vwt_hr_contracts","Extern HR-contractviewcontract.","External source contract","26","ad_DisplayName","varchar(8000)","True","","","","7179","6390","89.01","0","0","0","0","0","0","0","0","persoons-/gebruiksgegeven","extern bronveld","broncontract configureren","Niet als UAM-eigendom beoordelen; alleen projecteren wat de module werkelijk nodig heeft."
"vwt_hr_contracts","Extern HR-contractviewcontract.","External source contract","27","SamAccountName","varchar(8000)","True","","","","7179","6390","89.01","0","2","10","14","5","10","15","26","persoons-/gebruiksgegeven","extern bronveld","broncontract configureren","Niet als UAM-eigendom beoordelen; alleen projecteren wat de module werkelijk nodig heeft."
"vwt_hr_contracts","Extern HR-contractviewcontract.","External source contract","28","entra_logon_hoursago","int","True","","","","7179","5760","80.23","0","0","0","0","0","0","0","0","persoons-/gebruiksgegeven","extern bronveld","broncontract configureren","Niet als UAM-eigendom beoordelen; alleen projecteren wat de module werkelijk nodig heeft."
"vwt_hr_contracts","Extern HR-contractviewcontract.","External source contract","29","ad_logon_hoursago","int","True","","","","7179","6390","89.01","0","0","0","0","0","0","0","0","persoons-/gebruiksgegeven","extern bronveld","broncontract configureren","Niet als UAM-eigendom beoordelen; alleen projecteren wat de module werkelijk nodig heeft."
"vwt_hr_contracts","Extern HR-contractviewcontract.","External source contract","30","ad_enabled","bit","True","","","","7179","6390","89.01","0","0","0","0","0","0","0","0","persoons-/gebruiksgegeven","extern bronveld","broncontract configureren","Niet als UAM-eigendom beoordelen; alleen projecteren wat de module werkelijk nodig heeft."
"vwt_hr_contracts","Extern HR-contractviewcontract.","External source contract","31","ad_ou","varchar(8000)","True","","","","7179","6390","89.01","0","0","0","0","0","0","0","0","persoons-/gebruiksgegeven","extern bronveld","broncontract configureren","Niet als UAM-eigendom beoordelen; alleen projecteren wat de module werkelijk nodig heeft."
"vwt_hr_contracts","Extern HR-contractviewcontract.","External source contract","32","ad_email","varchar(8000)","True","","","","7179","6379","88.86","0","0","1","3","0","2","1","5","persoons-/gebruiksgegeven","extern bronveld","broncontract configureren","Niet als UAM-eigendom beoordelen; alleen projecteren wat de module werkelijk nodig heeft."
"vwt_hr_contracts","Extern HR-contractviewcontract.","External source contract","33","ad_mobile","varchar(8000)","True","","","","7179","5042","70.23","0","0","0","2","0","2","0","4","persoons-/gebruiksgegeven","extern bronveld","broncontract configureren","Niet als UAM-eigendom beoordelen; alleen projecteren wat de module werkelijk nodig heeft."
"vwt_hr_contracts","Extern HR-contractviewcontract.","External source contract","34","Manager","varchar(8000)","True","","","","7179","7099","98.89","0","0","0","2","0","2","0","4","persoons-/gebruiksgegeven","extern bronveld","broncontract configureren","Niet als UAM-eigendom beoordelen; alleen projecteren wat de module werkelijk nodig heeft."
"vwt_hr_contracts","Extern HR-contractviewcontract.","External source contract","35","ad_whencreated","datetime2(7)","True","","","","7179","6390","89.01","0","0","0","0","0","0","0","0","persoons-/gebruiksgegeven","extern bronveld","broncontract configureren","Niet als UAM-eigendom beoordelen; alleen projecteren wat de module werkelijk nodig heeft."
"vwt_hr_contracts","Extern HR-contractviewcontract.","External source contract","36","ad_import_data","datetime","True","","","","7179","6390","89.01","0","0","0","0","0","0","0","0","persoons-/gebruiksgegeven","extern bronveld","broncontract configureren","Niet als UAM-eigendom beoordelen; alleen projecteren wat de module werkelijk nodig heeft."
"vwt_hr_contracts","Extern HR-contractviewcontract.","External source contract","37","contracts_import_data","datetime","True","","","","7179","7179","100","0","0","1","1","0","0","1","1","persoons-/gebruiksgegeven","extern bronveld","broncontract configureren","Niet als UAM-eigendom beoordelen; alleen projecteren wat de module werkelijk nodig heeft."
"vwt_hr_contracts","Extern HR-contractviewcontract.","External source contract","38","contracts_first_imported","datetime","True","","","","7179","7179","100","0","0","1","1","0","0","1","1","persoons-/gebruiksgegeven","extern bronveld","broncontract configureren","Niet als UAM-eigendom beoordelen; alleen projecteren wat de module werkelijk nodig heeft."
"WIJ_AFAS_Employments","Extern AFAS-dienstverbandbroncontract.","External source contract","1","Persoonsnummer","varchar(8000)","True","","","","1321","1321","100","0","0","10","10","11","11","21","21","persoons-/gebruiksgegeven","extern bronveld","broncontract configureren","Niet als UAM-eigendom beoordelen; alleen projecteren wat de module werkelijk nodig heeft."
"WIJ_AFAS_Employments","Extern AFAS-dienstverbandbroncontract.","External source contract","2","Volgnummer_contract","bigint","True","","","","1321","1321","100","0","0","0","0","0","0","0","0","persoons-/gebruiksgegeven","extern bronveld","broncontract configureren","Niet als UAM-eigendom beoordelen; alleen projecteren wat de module werkelijk nodig heeft."
"WIJ_AFAS_Employments","Extern AFAS-dienstverbandbroncontract.","External source contract","3","ExternalID","varchar(8000)","True","","","","1321","1321","100","0","0","0","0","0","0","0","0","persoons-/gebruiksgegeven","extern bronveld","broncontract configureren","Niet als UAM-eigendom beoordelen; alleen projecteren wat de module werkelijk nodig heeft."
"WIJ_AFAS_Employments","Extern AFAS-dienstverbandbroncontract.","External source contract","4","Medewerker","varchar(8000)","True","","","","1321","1321","100","0","0","0","0","0","0","0","0","persoons-/gebruiksgegeven","extern bronveld","broncontract configureren","Niet als UAM-eigendom beoordelen; alleen projecteren wat de module werkelijk nodig heeft."
"WIJ_AFAS_Employments","Extern AFAS-dienstverbandbroncontract.","External source contract","5","Persoonsnummer_leidinggevende","varchar(8000)","True","","","","1321","1318","99.77","0","0","0","0","0","0","0","0","persoons-/gebruiksgegeven","extern bronveld","broncontract configureren","Niet als UAM-eigendom beoordelen; alleen projecteren wat de module werkelijk nodig heeft."
"WIJ_AFAS_Employments","Extern AFAS-dienstverbandbroncontract.","External source contract","6","Medewerkernummer_leidinggevende","varchar(8000)","True","","","","1321","1318","99.77","0","0","0","0","0","0","0","0","persoons-/gebruiksgegeven","extern bronveld","broncontract configureren","Niet als UAM-eigendom beoordelen; alleen projecteren wat de module werkelijk nodig heeft."
"WIJ_AFAS_Employments","Extern AFAS-dienstverbandbroncontract.","External source contract","7","Persoonsnummer_VervangendLeidinggevende","varchar(8000)","True","","","","1321","44","3.33","0","0","0","0","0","0","0","0","persoons-/gebruiksgegeven","extern bronveld","broncontract configureren","Niet als UAM-eigendom beoordelen; alleen projecteren wat de module werkelijk nodig heeft."
"WIJ_AFAS_Employments","Extern AFAS-dienstverbandbroncontract.","External source contract","8","Medewerkernummer_VervangendLeidinggevende","varchar(8000)","True","","","","1321","0","0","0","0","0","0","0","0","0","0","persoons-/gebruiksgegeven","extern bronveld","broncontract configureren","Niet als UAM-eigendom beoordelen; alleen projecteren wat de module werkelijk nodig heeft."
"WIJ_AFAS_Employments","Extern AFAS-dienstverbandbroncontract.","External source contract","9","Naam","varchar(8000)","True","","","","1321","1321","100","0","6","0","1","6","7","6","14","persoons-/gebruiksgegeven","extern bronveld","broncontract configureren","Niet als UAM-eigendom beoordelen; alleen projecteren wat de module werkelijk nodig heeft."
"WIJ_AFAS_Employments","Extern AFAS-dienstverbandbroncontract.","External source contract","10","Begindatum_contract","datetime2(7)","True","","","","1321","1321","100","0","0","1","1","0","0","1","1","persoons-/gebruiksgegeven","extern bronveld","broncontract configureren","Niet als UAM-eigendom beoordelen; alleen projecteren wat de module werkelijk nodig heeft."
"WIJ_AFAS_Employments","Extern AFAS-dienstverbandbroncontract.","External source contract","11","Einddatum_contract","datetime2(7)","True","","","","1321","461","34.9","0","0","1","1","0","0","1","1","persoons-/gebruiksgegeven","extern bronveld","broncontract configureren","Niet als UAM-eigendom beoordelen; alleen projecteren wat de module werkelijk nodig heeft."
"WIJ_AFAS_Employments","Extern AFAS-dienstverbandbroncontract.","External source contract","12","Dienstbetrekking","varchar(8000)","True","","","","1321","1321","100","0","0","0","0","0","0","0","0","persoons-/gebruiksgegeven","extern bronveld","broncontract configureren","Niet als UAM-eigendom beoordelen; alleen projecteren wat de module werkelijk nodig heeft."
"WIJ_AFAS_Employments","Extern AFAS-dienstverbandbroncontract.","External source contract","13","Dienstverband","bigint","True","","","","1321","1321","100","0","0","0","0","0","0","0","0","persoons-/gebruiksgegeven","extern bronveld","broncontract configureren","Niet als UAM-eigendom beoordelen; alleen projecteren wat de module werkelijk nodig heeft."
"WIJ_AFAS_Employments","Extern AFAS-dienstverbandbroncontract.","External source contract","14","Type_contract","varchar(8000)","True","","","","1321","1319","99.85","0","0","0","0","0","0","0","0","persoons-/gebruiksgegeven","extern bronveld","broncontract configureren","Niet als UAM-eigendom beoordelen; alleen projecteren wat de module werkelijk nodig heeft."
"WIJ_AFAS_Employments","Extern AFAS-dienstverbandbroncontract.","External source contract","15","Begindatum_functie","datetime2(7)","True","","","","1321","1321","100","0","0","0","0","0","0","0","0","persoons-/gebruiksgegeven","extern bronveld","broncontract configureren","Niet als UAM-eigendom beoordelen; alleen projecteren wat de module werkelijk nodig heeft."
"WIJ_AFAS_Employments","Extern AFAS-dienstverbandbroncontract.","External source contract","16","Einddatum_functie","datetime2(7)","True","","","","1321","522","39.52","0","0","0","0","0","0","0","0","persoons-/gebruiksgegeven","extern bronveld","broncontract configureren","Niet als UAM-eigendom beoordelen; alleen projecteren wat de module werkelijk nodig heeft."
"WIJ_AFAS_Employments","Extern AFAS-dienstverbandbroncontract.","External source contract","17","Functie_code","varchar(8000)","True","","","","1321","1321","100","0","0","2","2","1","1","3","3","persoons-/gebruiksgegeven","extern bronveld","broncontract configureren","Niet als UAM-eigendom beoordelen; alleen projecteren wat de module werkelijk nodig heeft."
"WIJ_AFAS_Employments","Extern AFAS-dienstverbandbroncontract.","External source contract","18","Functie_omschrijving","varchar(8000)","True","","","","1321","1321","100","0","0","2","4","1","3","3","7","persoons-/gebruiksgegeven","extern bronveld","broncontract configureren","Niet als UAM-eigendom beoordelen; alleen projecteren wat de module werkelijk nodig heeft."
"WIJ_AFAS_Employments","Extern AFAS-dienstverbandbroncontract.","External source contract","19","Organisatorische_eenheid_code","varchar(8000)","True","","","","1321","1321","100","0","0","2","4","1","3","3","7","persoons-/gebruiksgegeven","extern bronveld","broncontract configureren","Niet als UAM-eigendom beoordelen; alleen projecteren wat de module werkelijk nodig heeft."
"WIJ_AFAS_Employments","Extern AFAS-dienstverbandbroncontract.","External source contract","20","Organisatorische_eenheid_omschrijving","varchar(8000)","True","","","","1321","1321","100","0","0","3","5","1","3","4","8","persoons-/gebruiksgegeven","extern bronveld","broncontract configureren","Niet als UAM-eigendom beoordelen; alleen projecteren wat de module werkelijk nodig heeft."
"WIJ_AFAS_Employments","Extern AFAS-dienstverbandbroncontract.","External source contract","21","FTE","float","True","","","","1321","1319","99.85","0","0","0","0","0","0","0","0","persoons-/gebruiksgegeven","extern bronveld","broncontract configureren","Niet als UAM-eigendom beoordelen; alleen projecteren wat de module werkelijk nodig heeft."
"WIJ_AFAS_Employments","Extern AFAS-dienstverbandbroncontract.","External source contract","22","Uren_per_week","float","True","","","","1321","1319","99.85","0","0","0","0","0","0","0","0","persoons-/gebruiksgegeven","extern bronveld","broncontract configureren","Niet als UAM-eigendom beoordelen; alleen projecteren wat de module werkelijk nodig heeft."
"WIJ_AFAS_Employments","Extern AFAS-dienstverbandbroncontract.","External source contract","23","Parttime_percentage","float","True","","","","1321","1319","99.85","0","0","0","0","0","0","0","0","persoons-/gebruiksgegeven","extern bronveld","broncontract configureren","Niet als UAM-eigendom beoordelen; alleen projecteren wat de module werkelijk nodig heeft."
"WIJ_AFAS_Employments","Extern AFAS-dienstverbandbroncontract.","External source contract","24","Kostenplaats_code","varchar(8000)","True","","","","1321","1321","100","0","0","0","0","0","0","0","0","persoons-/gebruiksgegeven","extern bronveld","broncontract configureren","Niet als UAM-eigendom beoordelen; alleen projecteren wat de module werkelijk nodig heeft."
"WIJ_AFAS_Employments","Extern AFAS-dienstverbandbroncontract.","External source contract","25","Kostenplaats_omschrijving","varchar(8000)","True","","","","1321","1321","100","0","0","0","0","0","0","0","0","persoons-/gebruiksgegeven","extern bronveld","broncontract configureren","Niet als UAM-eigendom beoordelen; alleen projecteren wat de module werkelijk nodig heeft."
"WIJ_AFAS_Employments","Extern AFAS-dienstverbandbroncontract.","External source contract","26","Soort_medewerker","varchar(8000)","True","","","","1321","1321","100","0","0","0","0","0","0","0","0","persoons-/gebruiksgegeven","extern bronveld","broncontract configureren","Niet als UAM-eigendom beoordelen; alleen projecteren wat de module werkelijk nodig heeft."
"WIJ_AFAS_Employments","Extern AFAS-dienstverbandbroncontract.","External source contract","27","Soort_medewerker_code","varchar(8000)","True","","","","1321","1321","100","0","0","0","0","0","0","0","0","persoons-/gebruiksgegeven","extern bronveld","broncontract configureren","Niet als UAM-eigendom beoordelen; alleen projecteren wat de module werkelijk nodig heeft."
"WIJ_AFAS_Employments","Extern AFAS-dienstverbandbroncontract.","External source contract","28","Werkgever_code","varchar(8000)","True","","","","1321","1321","100","0","0","0","0","0","0","0","0","persoons-/gebruiksgegeven","extern bronveld","broncontract configureren","Niet als UAM-eigendom beoordelen; alleen projecteren wat de module werkelijk nodig heeft."
"WIJ_AFAS_Employments","Extern AFAS-dienstverbandbroncontract.","External source contract","29","Werkgever_omschrijving","varchar(8000)","True","","","","1321","1321","100","0","0","0","0","0","0","0","0","persoons-/gebruiksgegeven","extern bronveld","broncontract configureren","Niet als UAM-eigendom beoordelen; alleen projecteren wat de module werkelijk nodig heeft."
"WIJ_AFAS_Employments","Extern AFAS-dienstverbandbroncontract.","External source contract","30","ICT-voorziening","bit","True","","","","1321","1321","100","0","0","0","0","0","0","0","0","persoons-/gebruiksgegeven","extern bronveld","broncontract configureren","Niet als UAM-eigendom beoordelen; alleen projecteren wat de module werkelijk nodig heeft."
"WIJ_AFAS_Employments","Extern AFAS-dienstverbandbroncontract.","External source contract","31","_rowno","int","False","IDENTITY","","","1321","1321","100","0","0","0","0","0","0","0","0","persoons-/gebruiksgegeven","extern bronveld","broncontract configureren","Niet als UAM-eigendom beoordelen; alleen projecteren wat de module werkelijk nodig heeft."
"WIJ_AFAS_Employments","Extern AFAS-dienstverbandbroncontract.","External source contract","32","_firstdiscovered","datetime","True","","","","1321","1321","100","0","0","0","0","0","0","0","0","persoons-/gebruiksgegeven","extern bronveld","broncontract configureren","Niet als UAM-eigendom beoordelen; alleen projecteren wat de module werkelijk nodig heeft."
"WIJ_AFAS_Employments","Extern AFAS-dienstverbandbroncontract.","External source contract","33","_lastdiscovered","datetime","True","","(getdate())","","1321","1321","100","0","0","0","0","0","0","0","0","persoons-/gebruiksgegeven","extern bronveld","broncontract configureren","Niet als UAM-eigendom beoordelen; alleen projecteren wat de module werkelijk nodig heeft."
"WIJ_AFAS_Employments","Extern AFAS-dienstverbandbroncontract.","External source contract","34","_remarks","sysname","True","","","","1321","0","0","0","0","0","0","0","0","0","0","persoons-/gebruiksgegeven","extern bronveld","broncontract configureren","Niet als UAM-eigendom beoordelen; alleen projecteren wat de module werkelijk nodig heeft."
